Price,Close,High,Low,Open,Volume,adjclose_15,true_adjclose_15,buy_profit,sell_profit
Ticker,AMZN,AMZN,AMZN,AMZN,AMZN,,,,
Date,,,,,,,,,
2020-03-17,90.39199829101562,92.88899993896484,84.46199798583984,88.77349853515625,218342000,88.31814,100.5331850281961,0.0,-10.141189575195312
2020-04-17,118.75,120.0,115.8010025024414,118.61650085449219,158600000,109.6515,118.22153364393203,0.0,0.5284652709960938
2020-04-22,118.17449951171875,119.69999694824219,117.55000305175781,118.44999694824219,84244000,115.30729,117.9554776482708,0.0,0.219024658203125
2020-05-01,114.302001953125,118.12200164794922,112.90950012207031,116.83999633789062,195452000,118.88603,122.35029362552007,8.048294067382812,0.0
2020-05-04,115.79949951171875,116.3489990234375,112.81900024414062,112.81900024414062,97318000,118.188446,122.49925974361538,6.699760437011719,0.0
2020-05-05,115.88999938964844,117.55000305175781,115.35649871826172,117.0,64850000,117.66788,119.85818435759124,3.9681854248046875,0.0
2020-05-28,120.05500030517578,121.84850311279297,118.9114990234375,119.21649932861328,63804000,121.72562,131.91613066242573,11.861137390136719,0.0
2020-06-03,123.91999816894531,124.4000015258789,123.05850219726562,123.40049743652344,53420000,122.365944,138.54197938667346,0.0,-14.621978759765625
2020-06-08,126.2030029296875,126.5,124.36699676513672,125.01000213623047,79414000,123.44556,134.05849074795628,0.0,-7.8554840087890625
2020-06-10,132.37249755859375,136.11749267578125,131.31300354003906,132.25,98920000,125.3953,137.44540022165472,0.0,-5.072906494140625
2020-06-12,127.2509994506836,131.07400512695312,125.1675033569336,130.0605010986328,108722000,126.968956,146.26291723464638,0.0,-19.011924743652344
2020-06-22,135.6909942626953,135.75,133.4499969482422,134.22500610351562,64176000,131.06601,153.93701000889115,0.0,-18.246017456054688
2020-06-26,134.64349365234375,139.1284942626953,134.39999389648438,138.7530059814453,130016000,134.78778,149.5128037273522,14.869308471679688,0.0
2020-06-30,137.9409942626953,138.48150634765625,133.75149536132812,134.2534942626953,75394000,135.05214,155.73060920471815,0.0,-17.78961181640625
2020-07-01,143.93499755859375,144.75,137.6999969482422,137.89950561523438,127268000,135.59294,154.39886199187288,0.0,-10.4638671875
2020-07-07,150.00599670410156,153.4774932861328,149.5,152.92750549316406,105150000,140.46082,152.2066919545301,0.0,-2.2006988525390625
2020-07-09,159.13150024414062,159.69400024414062,153.6999969482422,155.79949951171875,127774000,144.94562,150.20035135279446,0.0,8.93115234375
2020-07-20,159.8419952392578,160.0679931640625,149.7010040283203,150.00999450683594,151964000,150.24109,157.98805217341925,0.0,1.85394287109375
2020-07-22,154.99549865722656,157.5,153.26300048828125,156.25,82084000,151.26123,154.88362716086837,0.0,0.11187744140625
2020-07-29,151.67649841308594,151.95799255371094,149.8385009765625,151.54949951171875,59482000,150.12953,164.59944141531855,0.0,-12.922943115234375
2020-08-13,158.05099487304688,160.87600708007812,157.75,159.14950561523438,62980000,155.36105,173.66657075398217,0.0,-15.615570068359375
2020-08-31,172.54800415039062,174.75,170.25,170.44949340820312,83718000,164.58716,151.18882650151744,0.0,21.359176635742188
2020-09-08,157.49200439453125,162.54249572753906,156.5,157.1999969482422,121884000,165.21736,158.24114633027713,0.7491455078125,0.0
2020-09-09,163.4304962158203,165.15899658203125,159.25,160.14950561523438,103774000,163.64244,156.5347449591275,-6.895751953125,0.0
2020-09-11,155.81100463867188,160.86700439453125,154.19900512695312,160.4344940185547,101880000,160.70055,157.15701965321142,1.34600830078125,0.0
2020-09-15,157.80650329589844,158.75100708007812,155.4459991455078,156.80799865722656,80430000,157.89249,157.72349382130304,-0.0830078125,0.0
2020-09-17,150.43649291992188,151.47149658203125,148.62750244140625,150.46249389648438,128982000,155.1826,160.71231899758155,10.275833129882812,0.0
2020-09-18,147.74549865722656,151.88999938964844,145.27699279785156,151.58700561523438,177852000,153.31926,159.96548901496104,12.219985961914062,0.0
2020-09-23,149.9929962158203,156.35000610351562,149.61900329589844,156.02149963378906,113054000,149.5124,171.77333645002773,0.0,-21.78033447265625
2020-10-19,160.36050415039062,166.4499969482422,159.63699340820312,164.98049926757812,104472000,162.16455,161.01324652086225,0.652740478515625,0.0
2020-10-21,159.2469940185547,161.69400024414062,158.0,160.625,91854000,160.91626,152.58085956873862,-6.6661376953125,0.0
2020-11-03,152.42050170898438,153.7449951171875,149.0489959716797,150.92649841308594,97958000,154.02116,154.5099612952587,2.0894622802734375,0.0
2020-11-09,157.18699645996094,164.4499969482422,155.60549926757812,161.55149841308594,143808000,155.82338,158.89431657444726,0.0,-1.7073211669921875
2020-11-12,155.51400756835938,158.79400634765625,154.30250549316406,157.99749755859375,87240000,154.66669,159.37809345074805,0.0,-3.8640899658203125
2020-11-16,156.55299377441406,157.13499450683594,153.63450622558594,154.66000366210938,76174000,154.13727,157.4195862154353,0.0,-0.8665924072265625
2020-11-20,154.97000122070312,156.64450073242188,154.90249633789062,155.8509979248047,67488000,154.11935,156.62740120038015,0.0,-1.6573944091796875
2020-11-23,154.91949462890625,156.9875030517578,153.2729949951172,155.8350067138672,94178000,153.96457,158.52115245743644,0.0,-3.601654052734375
2020-11-30,158.40199279785156,161.41949462890625,156.27749633789062,160.4239959716797,81278000,155.04024,159.46776960941366,0.0,-1.0657806396484375
2020-12-01,161.00399780273438,162.44749450683594,157.85899353027344,159.4250030517578,90740000,155.55153,159.60876096568802,0.0,1.395233154296875
2020-12-04,158.12899780273438,159.91050720214844,157.93800354003906,159.91050720214844,58272000,156.81616,159.16833212742648,0.0,-1.039337158203125
2020-12-28,164.197998046875,165.1999969482422,158.63450622558594,159.6999969482422,113736000,157.64021,158.56997411655396,0.0,5.628021240234375
2021-01-06,156.91900634765625,159.87550354003906,156.55799865722656,157.32400512695312,87896000,158.99664,161.21303369021896,4.2940216064453125,0.0
2021-01-12,156.04150390625,157.10699462890625,154.3000030517578,156.0,70292000,156.51564,170.67774557770366,14.636245727539062,0.0
2021-01-21,165.34950256347656,167.42750549316406,164.47850036621094,164.64999389648438,98722000,155.86404,164.05090856076126,0.0,1.2985992431640625
2021-01-27,161.62899780273438,167.3260040283203,160.35400390625,167.07449340820312,93204000,159.85681,163.5736088027364,0.0,-1.944610595703125
2021-01-28,161.88099670410156,165.08399963378906,161.4344940185547,161.7519989013672,62984000,160.22893,165.85595674734364,0.0,-3.9749603271484375
2021-02-01,167.1439971923828,167.51300048828125,161.75149536132812,162.1179962158203,83204000,160.31076,155.83174955864212,0.0,11.312240600585938
2021-02-03,165.62649536132812,171.6999969482422,165.43099975585938,171.25050354003906,141776000,161.472,156.3155264349429,0.0,9.31097412109375
2021-02-05,167.6074981689453,168.85000610351562,165.135498046875,165.9499969482422,72416000,162.31279,155.87459584808255,0.0,11.732894897460938
2021-02-09,165.25,166.89999389648438,164.89199829101562,165.62449645996094,44070000,162.90192,153.54740982414253,0.0,11.702590942382812
2021-02-22,159.03700256347656,161.61599731445312,158.61300659179688,160.406494140625,70314000,161.3232,153.2180802892668,-5.8189239501953125,0.0
2021-02-23,159.72500610351562,160.2364959716797,154.67999267578125,156.35150146484375,93544000,160.37238,154.73267685513215,-4.9923248291015625,0.0
2021-02-24,157.97650146484375,158.56149291992188,156.2689971923828,158.33749389648438,60226000,159.36702,153.1508155680161,-4.82568359375,0.0
2021-03-01,157.3070068359375,157.47799682617188,154.89950561523438,156.39450073242188,54582000,155.8367,152.88327713331284,0.0,4.423736572265625
2021-03-23,156.875,159.10000610351562,156.04249572753906,156.35000610351562,76346000,152.31958,169.63296815438954,0.0,-12.757965087890625
2021-03-26,152.60150146484375,152.83299255371094,149.8000030517578,152.2030029296875,66258000,152.46948,168.94990585733086,0.0,-16.348403930664062
2021-03-29,153.7864990234375,154.5625,151.42250061035156,152.77200317382812,54920000,152.24007,168.1163797986318,0.0,-14.329879760742188
2021-04-09,168.61000061035156,168.61000061035156,164.44500732421875,165.23500061035156,86830000,158.22218,175.66543074024418,0.0,-7.0554351806640625
2021-05-05,163.52699279785156,167.73500061035156,163.21800231933594,166.9429931640625,74226000,166.10246,163.18350686938896,-0.3434906005859375,0.0
2021-05-06,165.31849670410156,165.72000122070312,162.36000061035156,163.5,88954000,165.16536,162.2573093649343,0.0,3.061187744140625
2021-05-12,157.5970001220703,160.39700317382812,156.65499877929688,159.25,98728000,160.51341,159.67801747683106,2.081024169921875,0.0
2021-05-25,162.95249938964844,163.99099731445312,160.68800354003906,163.33349609375,65222000,159.05183,169.0331201022235,0.0,-6.08062744140625
2021-05-28,161.15350341796875,162.39950561523438,160.98500061035156,162.10000610351562,46596000,159.7494,173.23909615227257,0.0,-12.085586547851562
2021-06-11,167.3415069580078,168.32899475097656,166.67250061035156,167.4824981689453,56348000,160.53853,172.00450571356652,0.0,-4.662994384765625
2021-06-14,169.19349670410156,169.25,166.77499389648438,167.3415069580078,51394000,161.44846,175.91403956871844,0.0,-6.7205352783203125
2021-06-21,172.697998046875,174.10000610351562,171.6999969482422,173.8209991455078,65542000,166.47409,184.48294775323583,0.0,-11.784942626953125
2021-06-22,175.27200317382812,176.18899536132812,172.80450439453125,172.9029998779297,66902000,167.40172,184.81925615498633,0.0,-9.547256469726562
2021-06-25,170.072998046875,173.24099731445312,169.70899963378906,173.1999969482422,78820000,169.12268,176.03710481596147,0.0,-5.964111328125
2021-07-13,183.8679962158203,188.6540069580078,183.5659942626953,185.10499572753906,76918000,177.01411,166.4782314414276,0.0,17.3897705078125
2021-07-15,181.55999755859375,184.77000427246094,181.04600524902344,184.7100067138672,63706000,178.36446,167.250483353056,0.0,14.30950927734375
2021-07-21,179.25999450683594,179.32249450683594,177.1820068359375,178.81900024414062,46380000,176.22832,166.01637945844584,0.0,13.243621826171875
2021-07-27,181.3195037841797,184.9250030517578,179.3074951171875,184.9250030517578,82638000,176.54301,163.32848180544804,0.0,17.99102783203125
2021-07-29,179.99600219726562,181.8975067138672,179.00050354003906,181.3874969482422,110400000,176.63693,159.16933562462418,0.0,20.82666015625
2021-08-02,166.57400512695312,167.9459991455078,165.85000610351562,167.65499877929688,67078000,172.93112,160.06015225060906,-6.51385498046875,0.0
2021-08-23,163.2935028076172,164.0449981689453,160.50050354003906,160.59500122070312,65362000,159.55887,173.19574811423328,0.0,-9.902252197265625
2021-08-31,173.5395050048828,173.62899780273438,169.7794952392578,171.24000549316406,87128000,163.14067,166.9904103293234,0.0,6.5490875244140625
2021-09-15,173.7895050048828,174.27099609375,170.10049438476562,172.12600708007812,59150000,170.42358,160.14135950110636,0.0,13.648147583007812
2021-09-28,165.79800415039062,168.45950317382812,164.5050048828125,167.885498046875,88616000,166.24966,171.14008410478127,5.3420867919921875,0.0
2021-10-01,164.16299438476562,165.45849609375,162.7969970703125,164.45050048828125,56712000,164.16936,170.47795840834695,6.3149566650390625,0.0
2021-10-08,164.43099975585938,166.07150268554688,164.41000366210938,165.85000610351562,39964000,160.95175,164.45048289947474,0.0,-0.0194854736328125
2021-10-12,162.3665008544922,163.37649536132812,161.81399536132812,162.85000610351562,36392000,160.85112,165.19731288209522,0.0,-2.830810546875
2021-10-13,164.21400451660156,164.41900634765625,163.05450439453125,163.48550415039062,48402000,160.87715,164.89787540010803,0.0,-0.683868408203125
2021-10-19,172.20750427246094,172.7344970703125,171.10000610351562,171.71449279785156,47722000,163.51791,175.1736867043739,0.0,-2.9661865234375
2021-11-04,173.85000610351562,174.93150329589844,168.25,168.5,107060000,164.59406,179.5007362117736,0.0,-5.650726318359375
2021-11-09,178.81149291992188,179.68850708007812,175.07150268554688,175.7624969482422,85898000,167.56009,176.65589767885953,0.0,2.1555938720703125
2021-11-15,177.28399658203125,179.69400024414062,176.29049682617188,176.85000610351562,58594000,170.70657,174.01533164368573,0.0,3.2686614990234375
2021-11-16,177.03500366210938,178.8249969482422,176.25750732421875,176.9499969482422,44342000,171.35472,175.56030680653546,0.0,1.474700927734375
2021-12-22,171.03700256347656,172.0500030517578,168.50050354003906,169.27000427246094,55036000,166.0121,164.699091727949,0.0,6.3379058837890625
2021-12-30,168.64450073242188,170.88800048828125,168.5240020751953,169.6999969482422,37584000,166.6605,149.45301962157512,0.0,19.191482543945312
2021-12-31,166.7169952392578,169.35000610351562,166.55850219726562,168.95599365234375,47830000,166.51016,138.54197938667346,0.0,28.175018310546875
2022-01-11,165.36199951171875,166.35000610351562,160.70150756835938,161.5,62806000,161.994,154.53538322426667,0.0,10.826614379882812
2022-01-21,142.64300537109375,150.89999389648438,142.07049560546875,149.9499969482422,163972000,155.81155,157.6084109381325,14.965408325195312,0.0
2022-02-08,161.4134979248047,161.79249572753906,155.55050659179688,156.75050354003906,76040000,147.55557,150.34882332454245,0.0,11.064682006835938
2022-02-09,161.1894989013672,163.83450317382812,160.25,162.87350463867188,68786000,149.80544,153.02177495109598,0.0,8.167724609375
2022-02-15,156.510498046875,158.0070037841797,154.6374969482422,157.60549926757812,56440000,153.86372,139.04020054081968,0.0,17.470291137695312
2022-02-17,154.65249633789062,160.3489990234375,154.5,158.14599609375,64032000,154.50633,149.07885200736663,0.0,5.573638916015625
2022-02-18,152.60150146484375,155.49949645996094,150.89300537109375,155.49949645996094,63604000,154.36275,145.49814593849155,-7.103363037109375,0.0
2022-02-22,150.19749450683594,152.9824981689453,148.48550415039062,150.47850036621094,66128000,153.72363,142.37828835540057,-7.8191986083984375,0.0
2022-03-01,151.14199829101562,154.0989990234375,149.9770050048828,152.7324981689453,44874000,149.7125,161.26634067772008,0.0,-10.124343872070312
2022-03-16,153.10400390625,153.14999389648438,147.35350036621094,148.5,84958000,143.08055,161.111893336295,0.0,-8.007888793945312
2022-03-24,163.64950561523438,164.11849975585938,160.0500030517578,163.74949645996094,56798000,155.72456,154.8736682114065,0.0,8.775833129882812
2022-04-05,164.05499267578125,168.11050415039062,163.26600646972656,167.7415008544922,53728000,163.16861,139.72923820755548,0.0,24.325759887695312
2022-04-08,154.4604949951172,157.36849975585938,154.2310028076172,156.75,46002000,160.1403,122.00203448441535,-32.458457946777344,0.0
2022-04-18,152.78500366210938,154.0395050048828,150.25050354003906,151.52349853515625,46514000,152.99797,110.95298297582637,-41.83202362060547,0.0
2022-04-28,144.59649658203125,145.9375,140.3000030517578,142.17799377441406,117316000,144.35945,105.93888759158322,0.0,38.65760803222656
2022-05-09,108.78900146484375,114.0,107.95700073242188,111.3125,128124000,121.26269,115.90280892590886,7.113807678222656,0.0
2022-05-10,108.85900115966797,112.64250183105469,107.1709976196289,111.25,105434000,118.19508,121.85754609245208,12.998542785644531,0.0
2022-05-12,106.93049621582031,110.78050231933594,102.40550231933594,102.75,132026000,112.54846,123.79463018304467,16.8641357421875,0.0
2022-05-19,107.31900024414062,110.03399658203125,106.19300079345703,106.28050231933594,88142000,109.4507,113.05298331601232,5.733985900878906,0.0
2022-06-06,124.79000091552734,128.99000549316406,123.80999755859375,125.25,135269000,118.0317,113.13270052521608,0.0,11.657302856445312
2022-06-07,123.0,124.0999984741211,120.62999725341797,122.01000213623047,85156700,119.61742,107.03447086165578,0.0,15.965530395507812
2022-06-10,109.6500015258789,114.5,109.05000305175781,113.41999816894531,87266000,120.33511,107.25368938584036,-2.3963088989257812,0.0
2022-06-15,107.66999816894531,109.05999755859375,103.52999877929688,103.86000061035156,85011100,113.19912,114.22878554388748,6.558784484863281,0.0
2022-07-06,114.33000183105469,115.4800033569336,112.01000213623047,113.20999908447266,66958900,110.13359,116.92914328708983,0.0,-2.5991439819335938
2022-07-08,115.54000091552734,116.58000183105469,113.69000244140625,114.5999984741211,45719700,111.90142,134.45655984087324,0.0,-18.91655731201172
2022-07-13,110.4000015258789,111.77999877929688,106.01000213623047,107.02999877929688,61353800,112.51922,135.76191203651885,25.361915588378906,0.0
2022-07-15,113.55000305175781,115.58999633789062,111.58999633789062,112.5,84317800,112.183945,139.63807200759632,0.0,-26.08807373046875
2022-07-19,118.20999908447266,118.94999694824219,114.02999877929688,115.69999694824219,60990000,113.15586,137.59536223469624,0.0,-19.38536834716797
2022-07-21,124.62999725341797,124.8499984741211,121.26000213623047,123.19999694824219,60239900,115.98201,143.38468961315485,0.0,-18.75469207763672
2022-07-25,121.13999938964844,123.63999938964844,120.02999877929688,122.69999694824219,50221300,119.06441,142.32846319908535,0.0,-21.188461303710938
2022-07-28,122.27999877929688,122.83999633789062,118.08000183105469,121.56999969482422,82245500,120.06271,140.85373284007335,0.0,-18.57373046875
2022-08-18,142.3000030517578,142.77000427246094,140.3800048828125,141.32000732421875,37458700,142.02226,130.4807647616683,0.0,11.819244384765625
2022-08-22,133.22000122070312,136.32000732421875,132.85000610351562,135.72000122070312,50461500,140.87306,130.58039986979574,-2.6396026611328125,0.0
2022-08-23,133.6199951171875,134.99000549316406,132.9499969482422,133.41000366210938,36252100,139.64284,126.9433915263295,-6.676605224609375,0.0
2022-08-26,130.75,137.8300018310547,130.5,136.5500030517578,53322700,136.44832,121.76189456410938,-8.988105773925781,0.0
2022-08-30,128.72999572753906,132.07000732421875,126.8499984741211,131.25,49203000,133.983,122.09071474813474,-6.6392822265625,0.0
2022-09-02,127.51000213623047,131.3800048828125,126.38999938964844,129.5,57429800,130.23387,112.93341510445819,-14.576583862304688,0.0
2022-09-07,129.47999572753906,129.82000732421875,125.4000015258789,126.12000274658203,47900300,128.59702,114.0095670197029,0.0,15.470428466796875
2022-09-12,136.4499969482422,136.49000549316406,134.0,134.10000610351562,53826900,129.2522,113.21241773441983,0.0,23.237579345703125
2022-09-15,126.27999877929688,130.3699951171875,125.5,127.37999725341797,52887200,129.25554,120.37683276151151,-5.903167724609375,0.0
2022-09-22,117.30999755859375,118.79000091552734,116.26000213623047,117.08000183105469,55229200,123.782196,107.532692015802,-9.777305603027344,0.0
2022-09-27,114.41000366210938,118.31999969482422,113.05000305175781,117.19999694824219,60094700,118.950676,118.6729173266016,4.262916564941406,0.0
2022-10-21,119.31999969482422,119.58999633789062,114.5,114.79000091552734,55660500,114.465164,97.56826893287753,0.0,21.751731872558594
2022-10-27,110.95999908447266,114.12000274658203,109.7699966430664,113.91999816894531,129605400,116.62211,95.06720421268457,-15.892791748046875,0.0
2022-11-07,90.52999877929688,92.0999984741211,89.04000091552734,91.94999694824219,77495700,97.17888,93.74193411811527,3.2119369506835938,0.0
2022-11-11,100.79000091552734,101.19000244140625,96.66000366210938,97.87999725341797,111590500,92.20958,92.75545836153617,0.0,8.0345458984375
2022-11-15,98.94000244140625,103.79000091552734,97.33999633789062,103.20999908447266,111336300,94.16381,88.06220839949742,0.0,10.877792358398438
2022-11-18,94.13999938964844,95.98999786376953,92.4800033569336,95.94999694824219,72428200,95.926155,88.9291159445224,-5.210884094238281,0.0
2022-11-21,92.45999908447266,95.0199966430664,90.58999633789062,93.97000122070312,84330300,95.79785,94.92770289770377,2.4677047729492188,0.0
2022-12-12,90.55000305175781,90.58000183105469,87.87000274658203,89.20999908447266,61999800,91.394585,86.27858335763527,-4.27142333984375,0.0
2022-12-20,85.19000244140625,86.61000061035156,84.33000183105469,85.33000183105469,74348300,89.22943,96.62165178090032,11.431648254394531,0.0
2022-12-23,85.25,85.77999877929688,82.93000030517578,83.25,57433700,87.0588,96.94051301546384,11.690513610839844,0.0
2023-01-11,95.08999633789062,95.26000213623047,90.93000030517578,90.93000030517578,103126200,87.16058,109.89426302326564,0.0,-14.804267883300781
2023-01-12,95.2699966430664,97.19000244140625,93.5,96.93000030517578,85254800,88.73901,104.92201803351675,0.0,-9.652023315429688
2023-01-17,96.05000305175781,98.88999938964844,95.7300033569336,98.68000030517578,72755000,92.15361,100.84656503942986,0.0,-4.796562194824219
2023-01-25,97.18000030517578,97.23999786376953,91.5199966430664,92.55999755859375,94261600,96.680084,98.77396321364122,0.0,-1.593963623046875
2023-01-26,99.22000122070312,99.48999786376953,96.91999816894531,98.23999786376953,68523600,97.0629,98.89353902744685,0.0,0.3264617919921875
2023-01-30,100.55000305175781,101.73999786376953,99.01000213623047,101.08999633789062,70691900,98.54805,95.03730455754454,0.0,5.5126953125
2023-02-16,98.1500015258789,100.62999725341797,98.0999984741211,99.20999908447266,56339200,100.552826,92.37680541894407,-5.773193359375,0.0
2023-02-17,97.19999694824219,97.94000244140625,95.6500015258789,97.80000305175781,60029400,100.15823,89.68641422745507,-7.513580322265625,0.0
2023-02-28,94.2300033569336,94.69000244140625,92.91999816894531,93.13999938964844,43959300,96.253296,97.82734606166399,3.5973434448242188,0.0
2023-03-01,92.16999816894531,94.68000030517578,91.58999633789062,93.87000274658203,52299500,95.69232,100.12912536109907,7.959129333496094,0.0
2023-03-14,94.87999725341797,95.06999969482422,92.70999908447266,93.83000183105469,60912700,93.673225,102.42094571107229,0.0,-7.540946960449219
2023-04-12,97.83000183105469,100.51000213623047,97.70999908447266,100.4000015258789,56735000,102.36332,103.40742146765139,5.577423095703125,0.0
2023-04-13,102.4000015258789,102.56999969482422,98.70999908447266,98.94999694824219,67925100,102.071365,103.70635720103972,0.0,-1.3063583374023438
2023-04-17,102.73999786376953,103.7300033569336,101.58999633789062,103.16000366210938,39919500,102.19057,104.70279950933218,0.0,-1.962799072265625
2023-04-18,102.30000305175781,104.19999694824219,101.5199966430664,103.94999694824219,39790500,102.458,105.14123655770132,2.8412322998046875,0.0
2023-04-28,105.44999694824219,109.4800033569336,104.33000183105469,107.7300033569336,130715900,105.97052,117.7761253309396,12.326126098632812,0.0
2023-05-01,102.05000305175781,105.2300033569336,101.81999969482422,104.94999694824219,74728100,105.88919,116.39106352834173,14.341056823730469,0.0
2023-05-04,104.0,105.38999938964844,103.30999755859375,104.04000091552734,45345500,105.08313,116.2515622133609,12.251564025878906,0.0
2023-05-16,113.4000015258789,114.79000091552734,111.05000305175781,111.05000305175781,71472900,109.97299,126.59463823887745,0.0,-13.194633483886719
2023-05-18,118.1500015258789,118.5999984741211,116.33999633789062,116.69000244140625,73174100,112.43138,123.67506197149052,0.0,-5.525062561035156
2023-05-22,115.01000213623047,116.7699966430664,114.25,116.7699966430664,70741100,114.63388,127.70068220701067,0.0,-12.690681457519531
2023-05-30,121.66000366210938,122.91999816894531,119.86000061035156,122.37000274658203,64314800,117.26114,125.22950953970626,0.0,-3.5695037841796875
2023-06-08,124.25,125.62999725341797,122.26000213623047,123.01000213623047,62159300,123.57803,129.0458854050067,0.0,-4.7958831787109375
2023-06-21,124.83000183105469,126.7300033569336,123.8499984741211,125.63999938964844,52137700,126.02839,133.5996188475616,8.769622802734375,0.0
2023-06-22,130.14999389648438,130.3300018310547,125.13999938964844,125.30999755859375,90354600,126.18436,133.6195519509883,0.0,-3.4695587158203125
2023-06-23,129.3300018310547,130.83999633789062,128.27999877929688,129.11000061035156,71927800,126.58899,134.11777310513452,0.0,-4.7877655029296875
