Price,Close,High,Low,Open,Volume
Ticker,AAPL,AAPL,AAPL,AAPL,AAPL
Date,,,,,
2020-01-02,72.53850555419922,72.59888386623527,71.29229630932706,71.54588227171874,135480400
2020-01-03,71.83328247070312,72.59404771603535,71.6086769224392,71.76565905712691,146322800
2020-01-06,72.40568542480469,72.4443284378041,70.70301958367426,70.9541954829699,118387200
2020-01-07,72.06514739990234,72.67134068922641,71.84536944211234,72.41533721540509,108872000
2020-01-08,73.22440338134766,73.5262949460089,71.76807876823776,71.76807876823776,132079200
2020-01-09,74.77974700927734,74.97295465655091,73.95135835025293,74.20252681762871,170108400
2020-01-10,74.94880676269531,75.51395427727236,74.446462424671,75.01402005997716,140644800
2020-01-13,76.55003356933594,76.5766038580251,75.14684225138329,75.2651887494365,121532000
2020-01-14,75.51637268066406,76.69737618985954,75.39320591637785,76.48726080979424,161954400
2020-01-15,75.1927261352539,76.197422029665,74.76041540138982,75.3159002377914,121923600
2020-01-16,76.1346435546875,76.24574496948411,75.3738782015038,75.73614811924845,108829200
2020-01-17,76.97753143310547,76.97994155406593,76.07668423312775,76.38340344954888,137816400
2020-01-21,76.45586395263672,77.04756709065205,76.31819960849738,76.6056010131108,110843200
2020-01-22,76.72877502441406,77.28183515069573,76.63458130371416,76.94130052804331,101832400
2020-01-23,77.09827423095703,77.17797035715289,76.23365270464286,76.78189247630218,104472000
2020-01-24,76.87610626220703,78.08850050621476,76.68530867082355,77.34464270460084,146537600
2020-01-27,74.61553192138672,75.29659377968004,73.63257108817264,74.88360812840847,161940000
2020-01-28,76.72636413574219,76.89783652233591,75.39804092914581,75.49706227081296,162234000
2020-01-29,78.33242797851562,79.1801420756795,77.61755062731045,78.35899827586796,216229200
2020-01-30,78.21891784667969,78.27205107194843,76.98237082631806,77.4146817332591,126743200
2020-01-31,74.75078582763672,77.9315119457232,74.456139298992,77.50886365949354,199588400
2020-02-03,74.54547882080078,75.71198454702287,72.99013293890515,73.49247724374133,173788400
2020-02-04,77.00650787353516,77.19730542119127,75.74580830506335,76.151548831137,136616400
2020-02-05,77.63442993164062,78.43383812507085,77.03064686286258,78.13435671108577,118826800
2020-02-06,78.54255676269531,78.54497425479408,77.34707006784117,77.90496533285365,105425600
2020-02-07,77.47492980957031,78.29076000098544,76.98349458931148,78.04141124169928,117684000
2020-02-10,77.8428955078125,77.8428955078125,75.97883426440146,76.05871954270658,109348800
2020-02-11,77.37326049804688,78.4118136218486,77.15538413187909,78.33919062909048,94323200
2020-02-12,79.210693359375,79.215532428976,77.82353527181141,77.82353527181141,113730400
2020-02-13,78.64663696289062,78.97345520254548,78.27866815708352,78.48201992249481,94747600
2020-02-14,78.66600036621094,78.91534913157656,78.15761730819476,78.61515688888446,80113600
2020-02-18,77.2255859375,77.40715079471983,76.16282276038466,76.34438761760448,152531200
2020-02-19,78.34400939941406,78.57399446337855,77.46765770370357,77.46765770370357,93984000
2020-02-20,77.54029083251953,78.5933684199213,77.0343310134274,78.10435642626537,100566000
2020-02-21,75.78515625,77.57660179653178,75.16783878997336,77.13357947900434,129554000
2020-02-24,72.18534088134766,73.63785968182607,70.01867143670297,71.96262546916086,222195200
2020-02-25,69.74028015136719,73.23843325634256,69.26821587876495,72.85593981243385,230673600
2020-02-26,70.84661102294922,72.11272604677254,69.35778056176747,69.36504286107494,198054800
2020-02-27,66.21549224853516,69.23673421957639,66.07992440892687,68.0505119290574,320605600
2020-02-28,66.17675018310547,67.39929122080478,62.06370365251087,62.27916414492055,426510000
2020-03-02,72.33786010742188,72.9745487284491,67.2322571583197,68.33617091013136,341397200
2020-03-03,70.04046630859375,73.5942942720579,69.18831712034967,73.51440897960677,319475600
2020-03-04,73.28924560546875,73.44902354050599,70.9627984910642,71.76410400685508,219178400
2020-03-05,70.91197967529297,72.51700693831131,70.546426702123,71.5413986547228,187572800
2020-03-06,69.97024536132812,70.40358216932741,68.08197403311165,68.26837793734198,226176800
2020-03-09,64.43614959716797,67.32181576257562,63.66873234822989,63.850297174318,286744800
2020-03-10,69.07693481445312,69.3432313409943,65.21081458081115,67.09183070037263,285290000
2020-03-11,66.67787170410156,68.0795543718944,65.81362127140751,67.15236648355659,255598800
2020-03-12,60.09312438964844,65.36334796143669,60.037445534949256,61.959612728994784,418474000
2020-03-13,67.29277038574219,67.76484191547881,61.235766409905956,64.12628289000264,370732000
2020-03-16,58.635765075683594,62.7197589173465,58.10075235573811,58.572820229839216,322423600
2020-03-17,61.21397399902344,62.36388083182577,57.71340264383957,59.91881013868682,324056000
2020-03-18,59.71547317504883,60.521621618277884,57.403546490441286,58.04507789596301,300233600
2020-03-19,59.25791931152344,61.20913545401907,58.732592172693536,59.88976507646557,271857200
2020-03-20,55.49589920043945,60.96463122654848,55.195710672226056,59.8389270162078,401693200
2020-03-23,54.31694030761719,55.31675861475192,51.47000473892812,55.21508274022157,336752800
2020-03-24,59.76631164550781,59.962401104198456,56.72086326951332,57.21956082962695,287531200
2020-03-25,59.437068939208984,62.518828553443576,59.14172316127237,60.70318009593795,303602000
2020-03-26,62.5648307800293,62.62292917138006,59.64042564443605,59.67916036796759,252087200
2020-03-27,59.97449493408203,61.942655145225594,59.80745470235101,61.18734664760273,204216800
2020-03-30,61.6860466003418,61.85792960202071,60.376358043352745,60.700756687792804,167976400
2020-03-31,61.56016540527344,63.54527367451045,61.005789027148815,61.87730177654374,197002000
2020-04-01,58.3210563659668,60.21175123504188,57.8901427153891,59.674318939342214,176218400
2020-04-02,59.29423904418945,59.34749836465027,57.35028492920916,58.18306300120028,165934000
2020-04-03,58.44208908081055,59.4806382957601,57.85139756896397,58.77858908876302,129880000
2020-04-06,63.540443420410156,63.69537493741288,60.37153204839501,60.73950086568339,201820400
2020-04-07,62.80448913574219,65.77489475614705,62.70039373005676,65.55701102978264,202887200
2020-04-08,64.41194915771484,64.72665861508077,63.240251523791564,63.605797071493534,168895200
2020-04-09,64.87674713134766,65.38029109822737,64.0802880085237,65.04863383479294,161834800
2020-04-13,66.15011596679688,66.25905781375604,64.353831433513,64.95420843019932,131022800
2020-04-14,69.49092102050781,69.78142775121215,67.31214270390448,67.78421429432576,194994800
2020-04-15,68.85665893554688,69.31662179135925,67.93673322392213,68.36522365380796,131154400
2020-04-16,69.40374755859375,69.76930037066249,68.35309351528876,69.57078775828805,157125200
2020-04-17,68.4620361328125,69.46670067896375,67.02404221723192,68.91958300953867,215250000
2020-04-20,67.04100799560547,68.19091879039594,67.02164432762936,67.28794093663315,130015200
2020-04-21,64.96873474121094,67.11846344497374,64.25700003826536,66.8836393098129,180991600
2020-04-22,66.84008026123047,67.27583298086698,65.89594444342251,66.23727988733161,116862400
2020-04-23,66.58104705810547,68.20786856663918,66.54231233315308,66.78439882318551,124814400
2020-04-24,68.50320434570312,68.51288987249583,67.05794791639367,67.10636816246496,126161200
2020-04-27,68.5516357421875,68.88329305683456,67.77211693615625,68.21997103964695,117087600
2020-04-28,67.44044494628906,69.19557183776718,67.3484582943587,69.01400698692461,112004800
2020-04-29,69.65555572509766,70.12520415593382,68.72594439265023,68.92929617900803,137280800
2020-04-30,71.12499237060547,71.30171812959233,69.80562571918327,70.19538133730589,183064000
2020-05-01,69.97992706298828,72.38384357310822,69.20040845206991,69.29724154783354,240616800
2020-05-04,70.97007751464844,71.09838306103778,69.31420678113763,70.00415476707384,133568000
2020-05-05,72.03524780273438,72.868025831844,71.28477828502723,71.43003164134032,147751200
2020-05-06,72.7784423828125,73.41028439938938,72.3523679150605,72.73728444031273,142333600
2020-05-07,73.53131866455078,73.87750782142626,73.10282840847145,73.40543639979904,115215200
2020-05-08,75.28148651123047,75.33488998289738,73.86387583630506,74.1915786211752,133838400
2020-05-11,76.46607971191406,76.96126753964525,74.57997160607404,74.78873335955656,145946400
2020-05-12,75.59222412109375,77.60212591001033,75.47085322222706,77.15062231412254,162301200
2020-05-13,74.67951965332031,76.69428120977256,73.60174537683079,75.77185784641975,200622400
2020-05-14,75.13829803466797,75.19898348401253,73.19393386714296,73.91730709017112,158929200
2020-05-15,74.69405364990234,74.74017516998981,72.87349072399537,72.90747812106594,166348400
2020-05-18,76.45394897460938,76.8277733901168,75.3276309672179,76.01944652197729,135178400
2020-05-19,76.01217651367188,77.31812127307398,75.9806188920403,76.47095469800648,101729600
2020-05-20,77.4904556274414,77.56084540499204,76.8326201163857,76.87145968739159,111504800
2020-05-21,76.91273498535156,77.89341385727374,76.67484537253091,77.35209701743804,102688800
2020-05-22,77.4079360961914,77.49046741917871,76.54862805066547,76.65057545816492,81803200
2020-05-26,76.88359069824219,78.70657605053346,76.82775743358286,78.52694954111867,125522000
2020-05-27,77.21856689453125,77.36421341169495,76.00000609697051,76.74037280593195,112945200
2020-05-28,77.2525634765625,78.51239377679266,76.61658126415462,76.89330301256463,133560800
2020-05-29,77.17731475830078,77.95651372350704,76.82048407944905,77.49530586711329,153532400
2020-06-01,78.12644958496094,78.24782048460888,77.00012408043993,77.13120672626943,80791200
2020-06-02,78.48811340332031,78.51238905892326,77.4176214398733,77.85941318502095,87642800
2020-06-03,78.92019653320312,79.18236177148373,78.2356630206697,78.80853740247117,104491200
2020-06-04,78.24054718017578,79.04159224328929,77.86672269370624,78.7430245381852,87560400
2020-06-05,80.46888732910156,80.52957276449304,78.46141579319185,78.49054361691735,137250400
2020-06-08,80.94465637207031,80.97864377054464,79.4542259806051,80.16545748180829,95654400
2020-06-09,83.50074005126953,83.89398053792564,80.59269835430385,80.62425597002903,147712400
2020-06-10,85.64899444580078,86.11748422497571,84.01048770475796,84.44984966046565,166651600
2020-06-11,81.53697204589844,85.21693875406713,81.43502463468259,84.79214058891952,201662400
2020-06-12,82.24092102050781,84.42559727745287,81.12916680700161,83.6779557734375,200146000
2020-06-15,83.25799560546875,83.91097154593938,80.73105294291301,80.8936931849323,138808800
2020-06-16,85.46451568603516,85.73639268013275,83.67793988645191,85.31401697994849,165428800
2020-06-17,85.34559631347656,86.27044206272416,85.22422540246882,86.20975660722029,114406400
2020-06-18,85.37957000732422,85.7970861704287,84.77028576142695,85.30189085886494,96820400
2020-06-19,84.89166259765625,86.55201562081369,83.78233079369242,86.0859555132038,264476000
2020-06-22,87.11273193359375,87.25594867927818,85.23876529939096,85.28488682520853,135445200
2020-06-23,88.9721450805664,90.3921859871706,87.93806271848383,88.35800866828109,212155600
2020-06-24,87.40160369873047,89.520742080351,87.02777928766403,88.60074867063001,192623200
2020-06-25,88.56190490722656,88.60074447868466,86.7971749374644,87.55695784935237,137522400
2020-06-26,85.84078216552734,88.67843434218518,85.6927058184488,88.45753841975109,205256800
2020-06-29,87.81912231445312,87.91379516599585,85.27033358259102,85.74853519336081,130646000
2020-06-30,88.55220031738281,88.83864125404429,87.38704271105858,87.40645879441105,140223200
2020-07-01,88.38471221923828,89.17362306010735,88.33616830453525,88.62988380492604,110737200
2020-07-02,88.38471221923828,89.92855390147346,88.27063068613485,89.29257157809708,114041600
2020-07-06,90.74900817871094,91.21749799617754,89.78289331003914,89.81445092400466,118655600
2020-07-07,90.4674301147461,91.90688702119085,90.3557709756679,91.12768802006694,112424400
2020-07-08,92.57443237304688,92.60598999002299,91.35829367263958,91.44568456641123,117092000
2020-07-09,92.9725341796875,93.52112558076603,91.92388788228862,93.46772209132743,125642800
2020-07-10,93.13516998291016,93.19343305098592,91.95544841683225,92.56715507244024,90257200
2020-07-13,92.70552062988281,97.05302710538204,92.491906663148,94.44112299776556,191649200
2020-07-14,94.23963165283203,94.43139230039652,91.15195631671575,92.08650612178975,170989200
2020-07-15,94.88776397705078,96.36606058527201,93.6886189450088,96.11603683855265,153198000
2020-07-16,93.72018432617188,94.57706261725646,93.12061176048546,93.75902390463283,110577600
2020-07-17,93.53083038330078,94.32702308898628,93.05748097078398,94.17167220899177,92186800
2020-07-20,95.50188446044922,95.64024903517041,93.27351698417317,93.61821352696963,90318000
2020-07-21,94.18380737304688,96.36848331726704,93.9337836446351,96.2932339607085,103433200
2020-07-22,94.44840240478516,95.13050624366167,93.79785618394567,93.88523967276372,89001600
2020-07-23,90.14945983886719,94.2590771438679,89.3387030351463,94.18139798224502,197004400
2020-07-24,89.92610168457031,90.27079821008266,86.55684519462764,88.34585801635414,185438800
2020-07-27,92.05738830566406,92.14963136535167,90.76600769371073,90.98932597811024,121214000
2020-07-28,90.54510498046875,91.80493528958375,90.54024540428786,91.62773114046318,103625600
2020-07-29,92.28073120117188,92.4652173549395,90.9917727293096,91.0281825207394,90329200
2020-07-30,93.39732360839844,93.50170078916014,91.04515531955397,91.45295970570953,158130000
2020-07-31,103.17497253417969,103.32547125877302,97.89776098025088,99.897958367961,374336800
2020-08-03,105.77472686767578,108.39633503514682,104.76006804130827,105.05863567902395,308151200
2020-08-04,106.48112487792969,107.57346303949086,105.24071035791958,105.96408362952798,173071600
2020-08-05,106.86708068847656,107.18750165208057,105.73590297725057,106.20197050684659,121776800
2020-08-06,110.59557342529297,111.09076870650271,106.60975774089576,107.19961845957583,202428800
2020-08-07,108.08110809326172,110.57369742283494,107.2834798046482,110.11651887547455,198045600
2020-08-10,109.65203857421875,110.67096098800363,106.99895008053579,109.52801468909898,212403600
2020-08-11,106.39103698730469,109.41375655420975,106.13083312717293,108.9152415208263,187902400
2020-08-12,109.92682647705078,110.18459606710258,107.28832830062758,107.48286886703565,165598000
2020-08-13,111.8722915649414,112.8766240182774,110.81932024645036,111.30811338263783,210082000
2020-08-14,111.77256774902344,111.86254295487012,109.96087794353791,111.69718271594931,165565200
2020-08-17,111.48075866699219,112.92038434329335,110.85335892216301,112.89606491291276,119561600
2020-08-18,112.4096908569336,112.83525485693279,110.89711451437223,111.23270331319974,105633600
2020-08-19,112.55075073242188,113.96605702763473,112.4559145982573,112.81824963342837,145538000
2020-08-20,115.04820251464844,115.16249715621257,112.5750641732495,112.59208851632775,126907200
2020-08-21,120.9769058227539,121.46083051491364,115.99658841174927,116.008744414782,338054800
2020-08-24,122.423828125,125.27146481367004,120.5562117393656,125.18634310109493,345937600
2020-08-25,121.41948699951172,121.76480505707879,119.69534572328152,121.29547053607867,211495600
2020-08-26,123.0706787109375,123.52785723369402,121.66996279802345,122.73752407416738,163022400
2020-08-27,121.59944915771484,124.00692412752836,120.45406865293813,123.67376948239601,155552400
2020-08-28,121.40248107910156,122.99286935955308,121.17875271683349,122.57460040324597,187630000
2020-08-31,125.51948547363281,127.42601869627453,122.56243019641671,124.09932594347109,225702700
2020-09-01,130.51925659179688,131.12235167130845,126.96884284952722,129.13799921000313,151948100
2020-09-02,127.81509399414062,134.21557794835164,123.53514224699033,133.836218656411,200119000
2020-09-03,117.58212280273438,125.32495545599747,117.21249271726687,123.44761726135523,257599600
2020-09-04,117.65995025634766,120.32519508764499,107.86468180279036,116.79423196346733,332607200
2020-09-08,109.74201965332031,115.74368657539894,109.60583975780702,110.84118807317701,231366600
2020-09-09,114.11924743652344,115.88959346489294,112.11545122343698,114.06088674565609,176940500
2020-09-10,110.39373779296875,117.2124914481067,109.43074927727804,117.07631155381702,182274400
2020-09-11,108.94439697265625,112.08627882927041,106.99896131243025,111.44428149919675,180860300
2020-09-14,112.21273040771484,112.76717927863528,109.72257511673861,111.59019158497078,140150100
2020-09-15,112.3878173828125,115.5880598889027,110.51047170055435,115.10170098076587,184642000
2020-09-16,109.07083892822266,112.83525930246253,108.98329789268679,112.08626989830371,154679000
2020-09-17,107.32967376708984,109.13892938917895,105.74414649450532,106.72659350722516,178011000
2020-09-18,103.92516326904297,107.85494396114845,103.19562493954624,107.38804358616923,287104900
2020-09-21,107.07677459716797,107.18377414626174,100.28720125318382,101.68791722586771,195713800
2020-09-22,108.75957489013672,109.78093154907663,106.18187865602258,109.60584204815116,183055400
2020-09-23,104.19752502441406,109.05138437794632,103.85706788480732,108.57475477224305,150718700
2020-09-24,105.26753234863281,107.24214849866884,102.13537952254174,102.30073978447857,167743300
2020-09-25,109.21675109863281,109.37238950555708,104.7325215412831,105.471789131678,149981400
2020-09-28,111.82363891601562,112.17381792247089,109.70311378636897,111.87227777517529,137672400
2020-09-29,110.97738647460938,112.16410355161308,110.47157640996382,111.42484325876565,99382200
2020-09-30,112.65045166015625,114.06089699323232,110.52020461838681,110.68556487153249,142675200
2020-10-01,113.60371398925781,114.50834184995564,112.66990578164197,114.430522644009,116120400
2020-10-02,109.93655395507812,112.22244654459766,109.15838422824464,109.81010332254509,144712000
2020-10-05,113.32161712646484,113.46752627225055,110.45210275141814,110.80228173280487,106243800
2020-10-06,110.07274627685547,112.95198998188178,109.18756954507073,112.5434428788478,161498200
2020-10-07,111.94036102294922,112.39753955518432,111.01627470298001,111.49291174621311,96849000
2020-10-08,111.83338165283203,113.22436859024533,111.46374408965649,113.07845941642599,83477200
2020-10-09,113.77880859375,113.80798894197643,111.7847340241306,112.13491304534423,100506900
2020-10-12,121.00609588623047,121.76481458334483,116.0257780752071,116.78449677232146,240226800
2020-10-13,117.79611206054688,121.9690718867462,116.38567436315013,121.85234309102313,262330500
2020-10-14,117.88365936279297,119.67345635227282,116.3564928845694,117.6988406266793,150712000
2020-10-15,117.41675567626953,117.8933852834975,114.92660067544894,115.48104948176437,112559200
2020-10-16,115.77287292480469,118.23385526990404,115.56860307094232,117.97121729976094,115393800
2020-10-19,112.81580352783203,117.1346651236104,112.50453415677372,116.68721586654202,120639300
2020-10-20,114.30406188964844,115.73395813213436,112.4753478178989,113.0297966240417,124423700
2020-10-21,113.6815185546875,115.47131553347286,113.2729714867065,113.48697056487583,89946000
2020-10-22,112.59207916259766,114.81960369273567,111.46372301440654,114.24569636322538,101988000
2020-10-23,111.90144348144531,113.37024926516857,111.16217596217939,113.21461087321912,82572600
2020-10-26,111.91118621826172,113.37026292295224,109.80038294532771,110.89955881245987,111850700
2020-10-27,113.41889190673828,114.08034029540528,111.41509565044463,112.3391745749253,92276800
2020-10-28,108.16621398925781,112.28081345722651,108.06894369566764,111.9111833730848,143937800
2020-10-29,112.17381286621094,113.73988906858685,109.138930754146,109.30429841508608,146129200
2020-10-30,105.89006042480469,108.93466447069503,104.78116272521534,108.03003661879342,190272600
2020-11-02,105.8025131225586,107.6604077052679,104.39207526396882,106.1332410376146,122866900
2020-11-03,107.42695617675781,108.44830541372347,105.7636096297727,106.66823748036964,107624400
2020-11-04,111.81389617919922,112.43643491089769,109.28483165401832,111.02599722029115,138235500
2020-11-05,115.7825927734375,116.35650010587017,113.68152628924997,114.73205582071998,126387100
2020-11-06,115.65105438232422,116.14799095011887,113.1565957663913,115.29052521485966,114457900
2020-11-09,113.34173583984375,118.86655905479424,113.0786522061061,117.41471118065078,154515300
2020-11-10,113.00069427490234,114.57921088296683,111.20780194427195,112.59144977903753,138023400
2020-11-11,116.4305648803711,116.56697971266742,113.45866182357159,114.18945875403799,112295000
2020-11-12,116.15774536132812,117.44394777392753,115.5341325209194,116.55725128655479,103162300
2020-11-13,116.20646667480469,116.60596516096147,114.85205685711352,116.38185824859463,81581900
2020-11-16,117.2198257446289,117.8921538375377,115.12487314428873,115.8751546907103,91183000
2020-11-17,116.3331527709961,117.58037862156883,115.9141621398769,116.48905971934391,74271000
2020-11-18,115.00796508789062,116.75213491699658,114.9787343957129,115.57311658349965,76322100
2020-11-19,115.60234832763672,116.01159288995271,113.81920174805022,114.57922948779476,74113000
2020-11-20,114.33561706542969,115.72900356959502,114.28690172841969,115.60233477250766,73604300
2020-11-23,110.93498229980469,114.60845935593927,110.83754418732941,114.17972274018632,127959300
2020-11-24,112.22119140625,112.8837810182729,109.7072478105703,110.9934577345429,113874200
2020-11-25,113.0591812133789,113.76074761294568,112.22119995101332,112.59147523636938,76499200
2020-11-27,113.60482788085938,114.4817857816356,113.24430611291088,113.58534323153174,46691300
2020-11-30,116.00183868408203,117.87267708944432,113.81918644377502,113.97509336124737,169410200
2020-12-01,119.57786560058594,120.30866252291607,116.93725361331916,117.91164950975933,127728200
2020-12-02,119.92865753173828,120.21123325455888,117.79472798281287,118.89579275045067,89004200
2020-12-03,119.79225158691406,120.61074069251367,119.08093920643189,120.35739564047255,78967600
2020-12-04,119.11991119384766,119.71429334953903,118.40859884170744,119.46094830759233,78260400
2020-12-07,120.58149719238281,121.38050156328545,119.1199032870206,119.17836466433876,86712000
2020-12-08,121.19537353515625,121.78001709074977,119.93840178511279,121.18563492753421,82225500
2020-12-09,118.66194152832031,122.7251709901087,117.9019138516176,121.34153047949344,115089200
2020-12-10,120.08455657958984,120.69843079499793,117.07367661772612,117.41471371847992,81312200
2020-12-11,119.27581024169922,119.61684733291102,117.46343320377245,119.29529488946088,86939800
2020-12-14,118.66194152832031,120.19174292308256,118.42808857411595,119.46094593639897,79184500
2020-12-15,124.60575866699219,124.62525075019607,120.95177364167792,121.15639591100933,157243700
2020-12-16,124.53755187988281,125.08321126755321,123.31955686522454,124.14779942243345,98208600
2020-12-17,125.40477752685547,126.26225086926766,124.76167252004633,125.59965377701147,94359800
2020-12-18,123.41699981689453,125.79452841437983,122.8908250895469,125.65811357033245,192541500
2020-12-21,124.94680786132812,125.02476133357642,120.2891956882512,121.81899726937544,121251600
2020-12-22,128.5033416748047,130.96856222026736,126.33042801765606,128.2402506072199,168904800
2020-12-23,127.60693359375,129.03928233694725,127.43153454537297,128.77620606654096,88223700
2020-12-24,128.5910186767578,130.0428738137408,127.74329906375385,127.95766733547217,54930100
2020-12-28,133.190185546875,133.82353697075987,130.09159867672324,130.55931944043445,124486200
2020-12-29,131.41677856445312,135.23640894920797,130.90034989432698,134.5153654533124,121047300
2020-12-30,130.2962646484375,132.50814824653503,129.98445071914335,132.10864222516685,96452100
2020-12-31,129.29261779785156,131.29013272873263,128.3474524139923,130.64702774975748,99116600
2021-01-04,126.09659576416016,130.18905617994074,123.51444475784658,130.10136410422703,143301900
2021-01-05,127.65563201904297,128.36695190109745,125.14168821198183,125.58991697508323,97664900
2021-01-06,123.3585205078125,127.69458676031306,123.1441522185317,124.4498466014008,155088000
2021-01-07,127.56791687011719,128.25974454135618,124.58626762143851,125.07346559980046,109578200
2021-01-08,128.6690216064453,129.2341731884752,126.89561337992673,129.03928205334992,105158200
2021-01-11,125.67759704589844,126.83713071211609,125.20989110987996,125.88222675621482,100384500
2021-01-12,125.50221252441406,126.36942440251761,123.61188183396051,125.20989073972784,91951100
2021-01-13,127.53871154785156,128.08437101325023,125.20016673382712,125.46324298943377,88636800
2021-01-14,125.60938262939453,127.64586655028748,125.46321431935365,127.4509903383349,90221800
2021-01-15,123.88472747802734,126.88586944203385,123.74831261003185,125.48273658944841,111598500
2021-01-19,124.55702209472656,125.41449519229258,123.68981039127024,124.50829932907384,90757300
2021-01-20,128.64950561523438,129.09773432738962,125.25861162121556,125.36579577837638,104319500
2021-01-21,133.36557006835938,136.0938817254987,130.1695525142569,130.3741822074859,120150900
2021-01-22,135.50926208496094,136.26928979361904,131.56295521732648,132.79068885405798,114459400
2021-01-25,139.26068115234375,141.37511878863197,133.0440296191869,139.40684948015027,157611700
2021-01-26,139.49453735351562,140.60534821810342,137.75036015705467,139.92327397986588,98390600
2021-01-27,138.4227294921875,140.60538245410504,136.81498162000685,139.7576476026418,140843800
2021-01-28,133.57994079589844,138.35448999967483,133.19992695994156,135.9477307492471,142621100
2021-01-29,128.58126831054688,133.2388787553353,126.8760757666319,132.35217506415574,177523800
2021-02-01,130.7054901123047,131.9137466089755,127.57767214071629,130.32547623427098,106239800
2021-02-02,131.5337371826172,132.8199323256062,131.16346190037416,132.25478079358965,83305400
2021-02-03,130.51060485839844,132.29375135316877,130.18905238870838,132.28399787741546,89880900
2021-02-04,133.8722381591797,133.88197676464856,131.1439269498007,132.81015030717464,84183100
2021-02-05,133.45748901367188,134.10155478599495,132.57922833528005,134.0332529018306,75693800
2021-02-08,133.60391235351562,133.65270793576502,131.6619613464302,132.74515775495385,71297200
2021-02-09,132.72561645507812,134.55046970081816,132.56949146196018,133.32088673165194,76774200
2021-02-10,132.1205596923828,133.68192835225943,131.1544611589237,133.18423446063727,73046600
2021-02-11,131.8668670654297,133.09643505279266,130.53970793560018,132.61826227921486,64280000
2021-02-12,132.10110473632812,132.257244658681,130.46168022259064,131.10574623455432,60145100
2021-02-16,129.9737091064453,132.7256035555492,129.58335943579118,132.21817131917496,80576300
2021-02-17,127.68047332763672,129.0271538654206,126.34356083975098,128.08057622514062,97918500
2021-02-18,126.57779693603516,126.86078752569648,124.33333387097746,126.08010277824297,96856700
2021-02-19,126.73391723632812,127.55364438019302,125.68976315176585,127.09499266659424,87668800
2021-02-22,122.95735168457031,126.58752230648321,122.5670093965397,124.91880883902334,103916400
2021-02-23,122.82074737548828,123.65022018140999,115.5311309097856,120.77145942992851,158273000
2021-02-24,122.32305908203125,122.52798712933733,119.27840529901451,121.92296359305101,111039900
2021-02-25,118.0683364868164,123.40624834822879,117.62920604594376,121.66923290454905,148199500
2021-02-26,118.33181762695312,121.83512279314837,118.27326144324365,119.62969515081251,164560400
2021-03-01,124.7041244506836,124.8407431312115,119.82486458851659,120.7616815886335,116307900
2021-03-02,122.09860229492188,125.61166793035277,121.99125798161717,125.30915619930848,102260900
2021-03-03,119.11248016357422,122.67434107660237,118.89779155501199,121.79607288028379,112966300
2021-03-04,117.2291030883789,120.61531086428089,115.75557186593713,118.80998607618001,178155000
2021-03-05,118.48793029785156,118.99537743110061,114.73090214987084,118.05856054490097,153766600
2021-03-08,113.55013275146484,118.0780851740985,113.40375347089481,118.00977583585376,154376600
2021-03-09,118.1659164428711,119.1124940848032,115.92146128458052,116.15566368258474,129525800
2021-03-10,117.08271789550781,119.21982856056245,116.56551011841668,118.75142380321871,111943300
2021-03-11,119.0149154663086,120.23473053231106,118.33182200741135,119.58091144377221,103026500
2021-03-12,118.10736083984375,118.24397951783547,116.28252245017181,117.49257678888105,88105100
2021-03-15,120.99588775634766,121.00564836102156,117.51209640376013,118.47819524715763,92403800
2021-03-16,122.5377197265625,124.14787681040363,121.70824712129857,122.66457779013874,115227900
2021-03-17,121.74730682373047,122.8207426159824,119.38573914658367,121.05445274468458,111932600
2021-03-18,117.61944580078125,120.20545520924264,117.41451776473627,119.91269661765824,121229700
2021-03-19,117.09247589111328,118.49770511150997,116.78996416261775,117.00465278741832,185549500
2021-03-22,120.41036224365234,120.8787744194562,117.35594855559042,117.42425788902442,111912300
2021-03-23,119.58091735839844,121.23986295215124,119.19057502893875,120.35184141166212,95467100
2021-03-24,117.19007110595703,119.9322204758505,117.17055734049535,119.8541505236829,88530500
2021-03-25,117.677978515625,118.72214720900618,116.12637754894163,116.65333847493577,98844700
2021-03-26,118.28302764892578,118.54651187519468,116.04832553149886,117.44379427923147,94071200
2021-03-29,118.45868682861328,119.61995321991907,117.81462830863143,118.71241046141134,80819200
2021-03-30,117.00466918945312,117.49259524324971,115.98978210413694,117.2095972386284,85671900
2021-03-31,119.2003173828125,120.5372297916679,118.22446543116469,118.71239140698859,118323800
2021-04-01,120.0298080444336,121.18131381778825,119.53212138984829,120.67387400273938,75089100
2021-04-05,122.85977172851562,123.11349534026344,120.09810870436394,120.87879330428332,88651200
2021-04-06,123.16228485107422,124.06006693940361,122.61581009211896,123.44528283557895,80171300
2021-04-07,124.81147766113281,124.83099142610236,122.11812394056145,122.79146423199435,83466700
2021-04-08,127.21208190917969,127.24135628131242,125.41651759687218,125.83612685765557,88844600
2021-04-09,129.78831481933594,129.82734234724018,126.34355848189794,126.66559142580684,106686700
2021-04-12,128.07080078125,129.64192283851602,127.4755305635202,129.319889944631,91420000
2021-04-13,131.18377685546875,131.4082335358879,128.7441468621112,129.2418409105608,91266500
2021-04-14,128.84170532226562,131.7399862101134,128.48064493977606,131.6814374875817,87222800
2021-04-15,131.25209045410156,131.7400164409198,130.41285716116144,130.5885182593821,89347100
2021-04-16,130.9202880859375,131.41796717012542,130.0615336909614,131.05690674965481,84922400
2021-04-19,131.58389282226562,132.1986844065799,130.1201146808097,130.28600775000282,94264200
2021-04-20,129.89566040039062,132.25722045509355,128.6270498214987,131.75954129528387,94812300
2021-04-21,130.2761993408203,130.5201622609342,128.12932862188103,129.16372902071356,68847100
2021-04-22,128.75390625,130.91053068046259,128.2367059174283,129.82733444067082,84566500
2021-04-23,131.07643127441406,131.85710086380988,128.96858764628234,128.96858764628234,78657500
2021-04-26,131.46681213378906,131.7985983145687,130.33481998608113,131.5741564734911,66905100
2021-04-27,131.14476013183594,132.1401334204204,130.87152274129448,131.7497836551319,66015800
2021-04-28,130.35430908203125,131.7595383135996,129.86638309275443,131.06667685708592,107760100
2021-04-29,130.25672912597656,133.7600493468008,129.25160269288304,133.174532153205,151101000
2021-04-30,128.2855224609375,130.3348029182655,127.90494074098223,128.59778738715457,109839500
2021-05-03,129.33941650390625,130.83248375117557,128.64656992797262,128.85149050777056,75135100
2021-05-04,124.76268768310547,128.31479612503944,123.64045629537989,128.0220375212291,137564700
2021-05-05,125.00666046142578,127.29990397131918,124.87979492302028,126.08008884148607,84000900
2021-05-06,126.6070327758789,126.61678593451141,124.06005123769593,124.80170077752533,78128300
2021-05-07,127.28155517578125,128.30792851357185,126.56796229624602,127.90716083913868,78973300
2021-05-10,123.9970932006836,126.62658899435064,123.9579919211375,126.49952288698726,88071200
2021-05-11,123.07823181152344,123.43012839060427,120.00884494360865,120.72243020113098,126142800
2021-05-12,120.00885009765625,121.83679573122357,119.50054838799285,120.62468591755979,112172300
2021-05-13,122.15937805175781,123.31283969833798,121.4653471184995,121.77814989768362,105861300
2021-05-14,124.5836181640625,125.0137248526776,123.01960401156366,123.41060941414031,81918000
2021-05-17,123.4301528930664,124.07531290803357,122.35489365926202,123.96778623887236,74244600
2021-05-18,122.04206848144531,124.1339383673377,121.97364310976869,123.71360895337953,63342900
2021-05-19,121.88568115234375,122.11050419640777,120.09683669552412,120.3900925748675,92612000
2021-05-20,124.44674682617188,124.84752934847808,122.28645146975369,122.41353249282957,76857100
2021-05-21,122.6090316772461,125.12123109705438,122.39397836804899,124.94527906751188,79295400
2021-05-24,124.24146270751953,125.06257461018313,123.10755550398203,123.17598087438682,63092900
2021-05-25,124.04595947265625,125.4340286577924,123.47900216167147,124.94526644040783,72009500
2021-05-26,123.9970932006836,124.52494928784593,123.57676376782135,124.1046198549837,56575900
2021-05-27,122.46239471435547,124.76931783925218,122.26689578830224,123.5963093673209,94625600
2021-05-28,121.80747985839844,122.97071874535015,121.74883166504185,122.74588824113839,71311100
2021-06-01,121.4848861694336,122.53082109382872,121.15253650084358,122.2668967957017,67637100
2021-06-02,122.24735260009766,122.42330463275813,121.26007323809793,121.4848962778378,59278900
2021-06-03,120.76154327392578,122.04207853123913,120.36076073695506,121.87590368031279,76229200
2021-06-04,123.0586929321289,123.32262472191542,121.06457229139289,121.27962561409095,75169300
2021-06-07,123.06846618652344,123.47901844884905,122.02253116137574,123.33239051007368,71057600
2021-06-08,123.88955688476562,125.57088194290174,123.37147802234419,123.75270614592999,74403800
2021-06-09,124.27079010009766,124.87684872392028,123.6745086602513,124.34899265629532,56877900
2021-06-10,123.27371215820312,125.30693351867407,123.1075373485563,124.16324184228108,71186400
2021-06-11,124.48583221435547,124.5738119466235,123.2639453503398,123.68427472987341,53522400
2021-06-14,127.54546356201172,127.60411175847095,124.21215930864992,124.94529159561948,96906500
2021-06-15,126.72430419921875,127.66271968374637,126.47992687586978,127.01755997035914,62746300
2021-06-16,127.22286224365234,127.9462246818499,125.57088362966448,127.43791553837022,91815000
2021-06-17,128.82601928710938,129.568936334781,126.73414876059148,126.88078419055574,96721700
2021-06-18,127.5259017944336,128.5522748841205,127.31084850130004,127.7702791806661,108953300
2021-06-21,129.3245391845703,129.43206585059897,126.30403772378516,127.36951974085984,79663300
2021-06-22,130.9667205810547,131.0644774987528,128.65979753012715,129.15833692853147,74783600
2021-06-23,130.6930389404297,131.29910507401638,130.2336082056393,130.76147177632404,60214200
2021-06-24,130.40951538085938,131.6118476074228,129.94030019169648,131.4261184594968,68711000
2021-06-25,130.11631774902344,130.87877412754855,129.8230618536797,130.45845211286021,70783700
2021-06-28,131.74874877929688,132.20817950576375,130.35091714623502,130.40956533844553,62111300
2021-06-29,133.26385498046875,133.42026006032864,131.32839059293283,131.76826682888063,64556100
2021-06-30,133.87969970703125,134.31957597270352,132.81420307964328,133.1074588952949,63261400
2021-07-01,134.1827392578125,134.24138744394435,132.70669030063868,133.52780965332033,52485800
2021-07-02,136.812255859375,136.85134968212856,134.65195299080864,134.79857347065126,78852600
2021-07-06,138.82594299316406,139.93051890084107,136.91980190719306,136.91980190719306,108181800
2021-07-07,141.31857299804688,141.6313683204944,139.45152604310684,140.3117243665474,104911600
2021-07-08,140.0184783935547,140.82002849752848,137.50627159938102,138.39580890191343,105575500
2021-07-09,141.846435546875,142.37428423087343,139.44175508160217,139.53951201949036,99890800
2021-07-12,141.25013732910156,143.02921196222175,140.76138252865485,142.92168530949897,76299700
2021-07-13,142.36448669433594,144.1435611902038,140.3996979177406,140.79069576168808,100827100
2021-07-14,145.79554748535156,146.20611463354894,144.35860721349817,144.76917436169552,127050800
2021-07-15,145.14064025878906,146.62645922194355,143.7819023332903,145.8835571981737,106820300
2021-07-16,143.09765625,146.39185943911193,142.59913163129056,145.12110865625078,93251400
2021-07-19,139.24623107910156,140.82980667753233,138.48377483066196,140.5169964650382,121434600
2021-07-20,142.86300659179688,143.79165254365046,139.7447638348333,140.2335185818673,96350000
2021-07-21,142.1298828125,142.8434755242887,141.3772111971352,142.2569638271825,74993500
2021-07-22,143.49839782714844,144.86690516323114,142.5306580508827,142.6577390590944,77338200
2021-07-23,145.21881103515625,145.3752161371665,143.6156960285799,144.23153179548808,71447400
2021-07-26,145.63917541503906,146.4602799824032,144.37817955065944,144.93536723855144,72434100
2021-07-27,143.46905517578125,145.85418043778847,142.27649254477765,145.76619325815656,104818600
2021-07-28,141.7193145751953,143.66456373234172,139.3341891527353,141.55313976010396,118931200
2021-07-29,142.36448669433594,143.25402394226987,141.3283289838246,141.43585562825191,56699500
2021-07-30,142.5795135498047,143.03894413485372,140.8688721973567,141.1328038966763,70440600
2021-08-02,142.24720764160156,143.6450392737184,141.98327586121925,143.0683121632204,62880000
2021-08-03,144.0458221435547,144.71052154385873,141.91484335749328,142.53067920795002,64786600
2021-08-04,143.64505004882812,144.46615463203972,142.9901203277702,143.95786031802183,56368300
2021-08-05,143.75257873535156,144.51503513271194,142.882595670896,143.67437616695372,46397700
2021-08-06,143.0672607421875,144.0168667237269,142.56798937643336,143.2728518562968,54126800
2021-08-09,143.01834106445312,143.61551593971976,142.46033352347743,143.12602882681142,48908700
2021-08-10,142.53863525390625,144.60427120704347,142.24494003565766,143.36096991463478,69023100
2021-08-11,142.7931671142578,143.6350854630747,142.4701038589951,142.97917458892059,48493500
2021-08-12,145.7594451904297,145.91608462298464,142.77357136091953,143.11621825238865,72282600
2021-08-13,145.9650421142578,146.29788971819715,145.15249183078768,145.83777070300374,59375000
2021-08-16,147.94256591796875,148.01110127736936,143.3903421833443,145.4168108670683,103296000
2021-08-17,147.03208923339844,148.49075075238326,145.95521199163602,147.0712416158462,92229700
2021-08-18,143.2826690673828,147.55099731267805,143.07707790614015,146.65034281258323,86326000
2021-08-19,143.61549377441406,144.88816305914702,141.4617537976131,141.9806088621801,86960300
2021-08-20,145.07420349121094,145.37768313326703,143.69384614705683,144.33997276831565,60549600
2021-08-23,146.56224060058594,147.03214405494413,144.7805003067872,145.1916676965958,60131800
2021-08-24,146.47412109375,147.68805452972137,146.01400200564578,146.30769726540868,48606400
2021-08-25,145.24057006835938,147.15936550708102,144.69234706814075,146.660079252059,58991300
2021-08-26,144.4378204345703,145.98460117975839,144.40845240898733,145.23080193918472,48597200
2021-08-27,145.4755401611328,145.62238028371488,143.74275202487664,144.379079140009,55802400
2021-08-30,149.9005126953125,150.26274327805922,145.48534478526688,145.86714409511154,90956700
2021-08-31,148.63766479492188,149.58727102922836,148.1090103253276,149.4502152293265,86453100
2021-09-01,149.30332946777344,151.72139660647437,149.13690566906416,149.61660833919711,80313700
2021-09-02,150.41937255859375,151.46688207200458,149.19565486795125,150.63474806718364,71115500
2021-09-03,151.05569458007812,151.37875779988858,149.87112944077313,150.52704024294897,57808700
2021-09-07,153.39547729492188,153.95348484848995,151.14383353713905,151.71164039348162,82278300
2021-09-08,151.8486785888672,153.73809149809526,150.7424330368148,153.67935544010308,74420200
2021-09-09,150.83055114746094,152.82765179688866,150.7130640942289,152.2206926173688,57305700
2021-09-10,145.83778381347656,152.21090030495253,145.57345660401688,151.74099688432676,140893200
2021-09-13,146.40562438964844,148.2363017360252,145.6224418826866,147.46291853335234,102404300
2021-09-14,145.0056610107422,147.8936469962392,143.8211105344737,147.18878434178126,109296300
2021-09-15,145.89649963378906,146.29788257432963,143.2924251085685,145.4363806410637,83281300
2021-09-16,145.66156005859375,145.83778317678434,144.12457838073104,145.3189280621593,68034100
2021-09-17,142.98895263671875,145.6909306748569,142.69525742327428,145.6909306748569,129868800
2021-09-20,139.9345703125,141.7946152611483,138.29968524042357,140.7764886965952,123478900
2021-09-21,140.41421508789062,141.559627661877,139.77788804719222,140.90370202318348,75834000
2021-09-22,142.78341674804688,143.35120873289807,140.67861290586092,141.41284367774742,76404300
2021-09-23,143.7427978515625,143.9875414258644,142.57781604781135,143.56657471032472,64838200
2021-09-24,143.8308868408203,144.369325635303,142.49948133899076,142.5973847336097,53477900
2021-09-27,142.3134765625,142.89108270101565,140.79607848273122,142.41137995898362,74150700
2021-09-28,138.92620849609375,141.70649116246142,138.7108330139708,140.23803011414577,108972300
2021-09-29,139.82688903808594,141.41282248756633,139.04370667783795,139.4744577228724,74602000
2021-09-30,138.5248565673828,141.34430719144615,138.30948103704677,140.63944453543033,89056700
2021-10-01,139.65061950683594,139.91494663990278,136.1850585071122,138.9163890889494,94639600
2021-10-04,136.21446228027344,139.219920083201,135.36275955212915,138.77936976647533,98322000
2021-10-05,138.1430206298828,139.24926602115937,136.42981614361935,136.55708754274536,80861100
2021-10-06,139.0143280029297,139.16116814887556,135.46064709144002,136.53752462157624,83221100
2021-10-07,140.27719116210938,141.18764483600611,139.71918369704164,140.05203130343006,61732700
2021-10-08,139.8953857421875,141.14847133090333,139.56253815036328,141.00163119861574,58773200
2021-10-11,139.8072967529297,141.76524506387435,138.82832259745734,139.27865728167708,64452200
2021-10-12,138.53460693359375,140.23802709057873,138.07448795333846,140.21844342772843,73035900
2021-10-13,137.94725036621094,138.4269381369984,136.2731980054475,138.27031362663757,78762700
2021-10-14,140.73733520507812,140.8548222748978,138.53464310497256,139.12203364018546,69907100
2021-10-15,141.79461669921875,141.85335275996707,140.49257924677562,140.74712209396571,67940300
2021-10-18,143.46864318847656,143.75253907676628,140.14992191440837,140.43381780269812,85589200
2021-10-19,145.63218688964844,146.03356986995644,143.4686624173773,143.91898215404882,76378900
2021-10-20,146.12168884277344,146.6013915952755,145.00565881312252,145.57346566160615,58418800
2021-10-21,146.3370361328125,146.4936755651962,144.76088732210272,145.68112531490897,61421000
2021-10-22,145.56365966796875,147.02232150012944,145.51470797593214,146.5426337568644,58883400
2021-10-25,145.5146942138672,146.22934104854468,144.51613655500375,145.55384660101817,50720600
2021-10-26,146.18040466308594,147.66843438585144,145.87691017558996,146.1901890254086,60893400
2021-10-27,145.7202911376953,146.5817781309956,145.36785988744936,146.2195625180611,56094900
2021-10-28,149.36209106445312,149.94946658313845,146.57200880232836,146.66991219108917,100077900
2021-10-29,146.6503448486328,146.787400645377,143.33162275650557,144.12458950466566,124953200
2021-11-01,145.8280029296875,146.55243427503285,144.692389276276,145.85737096055496,74588300
2021-11-02,146.86570739746094,148.3831203302802,145.5245026428988,145.53430194477542,69122000
2021-11-03,148.30479431152344,148.77469770489486,146.66990932924497,147.2279168080061,54511500
2021-11-04,147.78594970703125,149.22502801768104,147.47267079725674,148.39290892226862,60394600
2021-11-05,148.3153533935547,149.2173222899692,147.11926062749689,148.9133997765836,65463900
2021-11-08,147.49180603027344,148.5996660295044,147.21729443113375,148.44279798435025,55020900
2021-11-09,147.8545684814453,148.46241353148417,147.1192662590711,147.2565220755238,56787900
2021-11-10,145.0211944580078,147.18789143862284,144.9525740344218,147.080046521764,65187100
2021-11-11,144.97216796875,146.50159405628088,144.7858890294142,146.0408184691879,41000000
2021-11-12,147.0506591796875,147.45261306165483,144.58983794450572,145.52121785210946,63804000
2021-11-15,147.06045532226562,148.90361781609556,146.50161841135474,147.42319965826968,59222800
2021-11-16,148.0408477783203,148.52125061689011,146.41337526538132,147.00162302853775,59256200
2021-11-17,150.48208618164062,151.96248956544017,148.03107828542383,148.0408769314933,88807000
2021-11-18,154.7761993408203,155.56052464418286,150.0506651936485,150.69773469090467,137827700
2021-11-19,157.4036865234375,157.86447707717755,153.46246272837266,154.56050917485408,117305600
2021-11-22,157.86448669433594,162.4527653050192,157.84487444666516,158.51154126985364,117467900
2021-11-23,158.24685668945312,158.62921327282737,155.94290358465759,157.96253143323767,96041900
2021-11-24,158.76644897460938,158.96252656383666,156.5115192990928,157.59976712302952,69463600
2021-11-26,153.73695373535156,157.30561916788554,153.29577548721653,156.4428749154629,76959800
2021-11-29,157.09979248046875,158.03117240002507,155.67819606877572,156.24683164150022,88748200
2021-11-30,162.0605926513672,162.27628247322406,156.78602057829323,156.85465595786593,174048100
2021-12-01,161.54100036621094,166.96262755361067,161.30569826962912,164.1978840178816,152052500
2021-12-02,160.55076599121094,160.98214564054786,154.70757335862984,155.62915443498412,136739200
2021-12-03,158.6684112548828,161.72727865884264,156.58996176944189,160.80569748404918,118023100
2021-12-06,162.08021545410156,164.59004449763117,161.06058805531697,161.0703866988541,107497000
2021-12-07,167.82537841796875,168.21754859396336,165.04103748733866,165.76654109310675,120405400
2021-12-08,171.64895629882812,172.51171571219845,167.35478644015964,168.75677048688644,116998900
2021-12-09,171.13912963867188,173.28621440591945,170.5116723744327,171.48227664120193,108923700
2021-12-10,175.93331909179688,176.10979941461878,171.26660609827198,171.77641985782503,115402700
2021-12-13,172.2960205078125,178.56079478498526,172.09012930519359,177.57057822727617,153237000
2021-12-14,170.9136505126953,174.25682821034476,168.83520101609776,171.81561944442183,139380400
2021-12-15,175.78623962402344,175.98231720834798,168.9332180976385,171.67834915746462,131063300
2021-12-16,168.88417053222656,177.59015164670058,167.40376778099412,175.7666019527164,150185800
2021-12-17,167.78614807128906,170.07048857395336,166.36456688905028,166.59985400570397,195432700
2021-12-20,166.42337036132812,167.23710645635137,164.17825459824692,164.9821770913153,107499100
2021-12-21,169.59988403320312,169.80576024164466,165.8057150631417,168.19790026438204,91185900
2021-12-22,172.19793701171875,172.41362681174598,168.77632605652173,169.6488838985379,92135300
2021-12-23,172.82542419433594,173.38426103506748,171.83522263836468,172.4038581227058,68356600
2021-12-27,176.7960968017578,176.8843294924025,173.59998800925786,173.61958530066929,74919600
2021-12-28,175.7764434814453,177.77647393560375,175.03134260309423,176.62940424561387,79144300
2021-12-29,175.8647003173828,177.09020410494455,174.64899517460688,175.81567717392772,62348900
2021-12-30,174.70777893066406,177.0313437787025,174.5999340224449,175.95289469651084,59773000
2021-12-31,174.09014892578125,175.71760635907094,173.7862114626908,174.59994765921613,64062300
2022-01-03,178.443115234375,179.2960758764328,174.22739499699918,174.34503855048575,104487900
2022-01-04,176.1783905029297,179.35490114678188,175.60975505040156,179.05097865451486,99310400
2022-01-05,171.49208068847656,176.639196130045,171.21756906170717,176.09017287650624,94537600
2022-01-06,168.62930297851562,171.8646356206371,168.27635732737943,169.31558203356892,96904000
2022-01-07,168.79595947265625,170.72735431349597,167.6783008049415,169.50185073224034,86709100
2022-01-10,168.81558227539062,169.1195047889858,164.87435832287932,165.76652857616685,106765600
2022-01-11,171.64895629882812,171.7469876214078,167.47244497092254,168.9430494474789,76138300
2022-01-12,172.09010314941406,173.70776179361494,171.39402553539196,172.6685372139698,74805200
2022-01-13,168.81558227539062,173.15876005827155,168.42341212900857,172.3352251905114,84505800
2022-01-14,169.6783447265625,170.37442243944997,167.73713612609606,167.9822368621362,80440800
2022-01-18,166.472412109375,169.15870642783565,166.09005558435084,168.1488926576498,90956700
2022-01-19,162.9723663330078,167.72732627847407,162.68805608048748,166.6684893743364,94815000
2022-01-20,161.28607177734375,166.3547528521012,160.9625370330281,163.70766807832655,91420500
2022-01-21,159.22726440429688,163.07044260044782,159.11941946941513,161.19786916739386,122848900
2022-01-24,158.4527130126953,159.11939476840692,151.66832669269064,156.88407733764427,162294600
2022-01-25,156.64874267578125,159.5703385417507,153.94283660123486,155.8644175214936,115798400
2022-01-26,156.56051635742188,161.16840625563324,154.72716801590528,160.29584841312035,108275300
2022-01-27,156.09976196289062,160.6292188937634,155.17818077822113,159.26645936487785,121954600
2022-01-28,166.99205017089844,167.01166242026449,159.60961653958563,162.46259295194113,179935700
2022-01-31,171.35482788085938,171.57051772849903,166.1881001011021,166.82537099995082,115541600
2022-02-01,171.1881561279297,171.41364461299403,168.93322639800166,170.5999083862923,86213900
2022-02-02,172.39404296875,172.43326746235797,169.93323706636977,171.32540739423024,84914300
2022-02-03,169.5116729736328,172.7862303680274,168.746959829252,171.06071151115776,89418100
2022-02-04,169.22694396972656,170.90557504681928,167.54831289263385,168.52996463907434,82465400
2022-02-07,168.51039123535156,170.75836779564654,167.81341170266444,169.68837067678015,77251200
2022-02-08,171.62220764160156,172.13267083606547,168.2845821132694,168.57908068618394,74829200
2022-02-09,173.04559326171875,173.40879966630814,171.6909088658484,172.81981752201338,71285000
2022-02-10,168.9619140625,172.26026492516206,168.4023802889261,170.9448550221314,90865900
2022-02-11,165.54579162597656,169.90432887481495,164.95679443820137,169.16808987950634,98670700
2022-02-14,165.78138732910156,166.46854070339387,163.5039475985097,164.2990832872494,86185500
2022-02-15,169.61964416503906,169.77671208150778,167.12625465108732,167.83304529637556,62527400
2022-02-16,169.38404846191406,170.1595469185717,166.92991856527323,168.69689508661867,61177400
2022-02-17,165.78138732910156,168.7557915611827,165.37890643172315,167.8919330456037,69589300
2022-02-18,164.2303924560547,167.4109355405672,163.1407580714809,166.70415983864797,82772700
2022-02-22,161.30506896972656,163.63157949063682,159.17487088048674,161.95294792646703,91162800
2022-02-23,157.133056640625,163.10148814384206,156.8189207831809,162.50267977205857,90009200
2022-02-24,159.7540740966797,159.86205643085455,149.21112475761413,149.78048479427957,141147500
2022-02-25,161.82534790039062,162.09038317154068,157.91836192123637,160.83386973446065,91974200
2022-02-28,162.09036254882812,162.38486112479202,159.44971644975743,160.06816196139965,95056600
2022-03-01,160.2056121826172,163.5432381527931,158.99818435052663,161.67809026330085,83474400
2022-03-02,163.50396728515625,164.28929194125575,159.96020269374122,161.37378407895594,79724800
2022-03-03,163.1800079345703,165.81084308627598,162.51249176371445,165.3789138092183,76678400
2022-03-04,160.17617797851562,162.51251486628342,159.1258179770991,161.4719659938963,83737200
2022-03-07,156.3771514892578,161.99220158513262,156.12191240746935,160.36265582763468,96418800
2022-03-08,154.55128479003906,159.89147377341504,152.94137619759366,155.90596926887457,131148300
2022-03-09,159.96018981933594,160.41175632836593,156.4851483427237,158.51716018630677,91454900
2022-03-10,155.61148071289062,157.447165177113,153.11807622105542,157.26064889872916,105342000
2022-03-11,151.89100646972656,156.3575259685623,151.665230708696,156.01394178449013,96970100
2022-03-14,147.8563995361328,151.29218107346347,147.3459513496218,148.67117238387235,108732100
2022-03-15,152.24440002441406,152.71560375350202,147.62082764624324,148.13127588452474,92964300
2022-03-16,156.66183471679688,157.06431562049127,151.62597028281274,154.16844529700253,102300200
2022-03-17,157.67295837402344,158.04599097202535,154.73782812813226,155.69984300954386,75615400
2022-03-18,160.9713134765625,161.4621395458107,156.82874025380204,157.5649793576743,123511700
2022-03-21,162.34559631347656,163.29779985653147,160.01907112060528,160.509897071507,95811400
2022-03-22,165.7224884033203,166.31147058252574,161.88422570672876,162.4732078859342,81532000
2022-03-23,167.0869903564453,169.47239748158006,164.57394870167656,164.90772175927947,98062700
2022-03-24,170.87619018554688,170.94489804434284,167.0870124371813,167.92140774440355,90131400
2022-03-25,171.5142364501953,172.06395916657084,169.580380836561,170.68965237563202,80546200
2022-03-28,172.37811279296875,172.5057173789197,168.8441592815926,169.01103833923784,90371900
2022-03-29,175.6764373779297,175.7255079917634,173.10449911531725,173.44808328507239,100589400
2022-03-30,174.50830078125,176.31453707900522,173.45792582774143,175.2739882330989,92633200
2022-03-31,171.40626525878906,174.7635134764267,171.20011173735605,174.5769971900877,103049300
2022-04-01,171.1117706298828,171.67131950192206,168.78526000762312,170.83690924745642,78751300
2022-04-04,175.1659698486328,175.21505544007368,171.23936219447407,171.36698173645647,76468400
2022-04-05,171.8479766845703,175.02853418606793,171.21972007698278,174.24320968187874,73401800
2022-04-06,168.67726135253906,170.44423791053993,167.00845598396842,169.19753570311426,89058800
2022-04-07,168.98158264160156,170.17919933632717,166.73360604638012,168.0195678303507,77594700
2022-04-08,166.9691619873047,168.62815603441808,166.0954924273171,168.62815603441808,76575500
2022-04-11,162.7088165283203,165.928633841103,162.46340353204835,165.61451299486157,72246700
2022-04-12,164.5837860107422,166.75322864931675,163.58249672741925,164.93718134727843,79265200
2022-04-13,167.27349853515625,167.90175523000033,163.71011188136575,164.31873134170252,70618900
2022-04-14,162.25726318359375,168.12755331525187,162.01185016741871,167.48947048590375,75329400
2022-04-18,162.04132080078125,163.54324732904448,160.5688426374783,160.91241188828883,69023900
2022-04-19,164.3285369873047,164.7408440040976,160.90258113171808,161.99221543879506,67723800
2022-04-20,164.16165161132812,165.78138631816157,163.05239509202772,165.66357789841544,67929800
2022-04-21,163.36651611328125,168.38275818896258,162.865879009956,165.81083486701775,87227800
2022-04-22,158.82147216796875,164.78991818851023,158.53679967564108,163.40580023778472,84882400
2022-04-25,159.89144897460938,160.1761214041445,155.55254984327493,158.1637322309998,96046400
2022-04-26,153.9230499267578,159.36139588708184,153.84451596249764,159.27305079434743,95623200
2022-04-27,153.69725036621094,156.85815581050312,152.52908216912786,153.0493564954022,88063200
2022-04-28,160.6375274658203,161.5013859909982,156.01394010524191,156.3280759248776,130216800
2022-04-29,154.7574462890625,163.15057467016825,154.36479144385027,158.87057095053723,131747600
2022-05-02,155.061767578125,155.32680285229077,150.45781697290937,153.83470249054395,123055300
2022-05-03,156.55384826660156,157.7612909458003,153.4518394989138,155.2482493800242,88966500
2022-05-04,162.97386169433594,163.42541320530594,156.33788489489382,156.74036579119067,108256500
2022-05-05,153.89358520507812,161.06945878722854,152.10697141040896,160.84368302574217,130525300
2022-05-06,154.62107849121094,156.7445658918497,151.57347999950738,153.37254446386834,116124600
2022-05-09,149.48928833007812,153.19555733402424,148.9289324864445,152.31076363237673,131577900
2022-05-10,151.89788818359375,154.09019917635914,150.3445974581009,152.89082298326753,115366700
2022-05-11,144.0233154296875,152.82200644382692,143.34497796029567,150.90497555260774,142689800
2022-05-12,140.14993286132812,143.72839581595062,136.45350338099348,140.35638928215414,182602000
2022-05-13,144.6230010986328,145.59626984264398,140.69062395231782,142.14559929622243,113990900
2022-05-16,143.0795135498047,145.0260507341931,141.74250492858002,143.08935409166563,86643800
2022-05-17,146.71702575683594,147.2380646317424,144.20029128457014,146.34344505375913,78336300
2022-05-18,138.4393310546875,144.86876045778243,137.53487119903903,144.3673878211131,109742900
2022-05-19,135.0280303955078,139.26516512783357,134.29070954879225,137.51525818502847,136095600
2022-05-20,135.26394653320312,138.32137052821327,130.36814092411527,136.73858804203445,137426100
2022-05-23,140.6905975341797,140.83805564914624,135.3228971370137,135.46052971125766,117726300
2022-05-24,137.98712158203125,139.5699040628069,135.0083469444269,138.42951103300464,104132700
2022-05-25,138.14442443847656,139.39294348204788,136.00127092128338,136.0897458139781,92482700
2022-05-26,141.3492889404297,141.89981931591748,134.82154377239428,135.067317332939,90601500
2022-05-27,147.1102294921875,147.1495466635664,142.80427168601537,142.93207874444667,90978500
2022-05-31,146.3237762451172,148.11301536783856,144.3575873194881,146.5498987721629,103718400
2022-06-01,146.19595336914062,149.17472776391935,145.18335248498283,147.36582293275725,74286600
2022-06-02,148.65370178222656,148.712685042506,144.37723540201858,145.33083811208033,72348100
2022-06-03,142.92227172851562,145.4684826787646,142.0178266612746,144.41656444787193,88570300
2022-06-06,143.6693878173828,146.05831455755788,142.45034559186539,144.54434106770898,71598400
2022-06-07,146.19595336914062,146.48104410293644,141.66388825021798,141.9096618141491,67808200
2022-06-08,145.4586181640625,147.3363166045176,144.96707108524492,146.06813174153186,53950200
2022-06-09,140.2285614013672,145.4487894010345,140.12042043523653,144.5935022148915,69473000
2022-06-10,134.8117218017578,138.38034379484614,134.7428980025847,137.9084627463307,91437900
2022-06-13,129.65049743652344,132.9143631237499,129.21793348983346,130.6237513157455,122207100
2022-06-14,130.51560974121094,131.6265112355856,129.2572500842336,130.8793648770148,84784300
2022-06-15,133.14044189453125,135.0181554391388,129.92573462276167,132.01971509318932,91533000
2022-06-16,127.86125183105469,130.15186352165608,126.85849136974434,129.84710666597098,108123900
2022-06-17,129.33587646484375,130.83018391739205,127.61546153618984,127.87107564040531,134520300
2022-06-21,133.57302856445312,134.74291327638406,131.06614989697803,131.1644503344464,81000500
2022-06-22,133.0618133544922,135.4310591073431,131.64615522779903,132.5112679712454,73409200
2022-06-23,135.93246459960938,136.24704700188127,133.33709602733944,134.5069807437755,72433800
2022-06-24,139.26515197753906,139.51092556990343,137.4071042192977,137.53489628676303,89116800
2022-06-27,139.26515197753906,141.06421647374572,138.5868144624807,140.28756352140977,70207900
2022-06-28,135.1165008544922,140.995401345449,134.99853432316218,139.7272161311599,67083400
2022-06-29,136.87620544433594,138.29186353568556,134.35948661563768,135.13613945781051,66242400
2022-06-30,134.40866088867188,136.0307605677301,131.50853555295868,134.9296996947126,98964500
2022-07-01,136.58126831054688,136.68940927123788,133.3665611170388,133.74012670784026,71051600
2022-07-05,139.16680908203125,139.215966790971,134.6150782492546,135.44088875729327,73353800
2022-07-06,140.5038299560547,141.68354006887108,138.69494011634768,138.96037976700046,74064300
2022-07-07,143.87588500976562,144.07250090814313,140.85777771671903,140.86760326134686,66253700
2022-07-08,144.55416870117188,145.0555563580384,142.5486630761882,142.80426217519934,64547800
2022-07-11,142.42086791992188,144.1609490492264,141.34929872199137,143.20734636825597,63141600
2022-07-12,143.3941192626953,145.94032961653699,142.59781536832085,143.29580384328963,77588800
2022-07-13,143.03042602539062,143.9741883569345,139.71738731766604,140.57268974411542,71185600
2022-07-14,145.9600067138672,146.4318877608006,140.82825345087886,141.64422349086814,78140700
2022-07-15,147.63125610351562,148.30959351033036,145.6945593046606,147.24784996064128,76259900
2022-07-18,144.5836944580078,149.00761906982018,144.219939344917,148.1916489524308,81420900
2022-07-19,148.44725036621094,148.67335787183444,144.42639797966964,145.41931789638997,82982400
2022-07-20,150.45274353027344,151.1212554478555,147.8278835762641,148.56520429371037,64823400
2022-07-21,152.72373962402344,152.9400216184074,149.3713837119037,151.88810328200972,65086600
2022-07-22,151.48501586914062,153.637995053217,150.81651886265266,152.76304161776633,66675400
2022-07-25,150.36427307128906,152.4189365975324,149.70560167774437,151.40635064916066,53623900
2022-07-26,149.03712463378906,150.5019257638896,148.25064607355188,149.6859555702162,55138700
2022-07-27,154.1393585205078,154.6702378768067,149.58764182197348,150.00053965418954,78620700
2022-07-28,154.6898956298828,154.97498637932796,151.7995959592648,154.3261405347344,81378700
2022-07-29,159.76266479492188,160.8637407183258,156.80355606508954,158.51414571337114,101786900
2022-08-01,158.77955627441406,160.82439423501998,158.17004260375904,158.28800912044616,67829400
2022-08-02,157.30490112304688,159.66433625726012,156.93133551910432,157.39339100369006,59907000
2022-08-03,163.32147216796875,163.77368717681702,158.0324196674791,158.1208945604064,82507500
2022-08-04,163.0068359375,164.3635106425103,161.6501612324897,163.2034517641096,55474100
2022-08-05,162.78045654296875,163.27268651132164,160.46696968304354,160.673712879285,56697000
2022-08-08,162.3079071044922,165.20222176015508,161.64832074077538,163.78459702908208,60276900
2022-08-09,162.3571014404297,163.24312423537512,160.71305544763848,161.47109366714804,63135500
2022-08-10,166.61000061035156,166.70843758837208,164.30635300401312,165.07423053223724,70170500
2022-08-11,165.87167358398438,168.3328236251765,165.57633257470778,167.4172679985858,57149200
2022-08-12,169.4255828857422,169.49448727889876,166.76752869776186,167.18101514337496,68039400
2022-08-15,170.49862670898438,170.69551570107743,168.6872239470608,168.85458034142326,54091700
2022-08-16,170.34109497070312,171.01053551269388,168.992389717206,170.09497999617207,56377100
2022-08-17,171.83746337890625,173.41259006684885,169.8882371550574,170.08512611334214,79542000
2022-08-18,171.44366455078125,172.1820093852319,170.4296721798688,171.04988664773987,62290100
2022-08-19,168.8545684814453,171.04007069000778,168.64782529018512,170.34109754225454,70346300
2022-08-22,164.96595764160156,167.22036427123675,164.54263206053483,167.0530078857762,69026800
2022-08-23,164.63121032714844,166.0882216660332,164.06022183299058,164.4835473638596,54147100
2022-08-24,164.92654418945312,165.49753265907893,163.6664368846458,164.71981604973067,53841500
2022-08-25,167.38772583007812,167.49601702656614,165.73384030735204,166.15715087983543,51218200
2022-08-26,161.0773162841797,168.3918608006587,161.01825109648692,167.91932427745144,78961000
2022-08-29,158.8721466064453,160.36851486839709,157.33639153558275,158.645710009374,73314000
2022-08-30,156.44052124023438,160.0337937500244,155.26901159376436,159.61048321715364,77906200
2022-08-31,154.7767791748047,158.084564879281,154.69802058402368,157.81875651310324,87991100
2022-09-01,155.50526428222656,155.95810734217315,152.26638338501562,154.20577023890877,74229900
2022-09-02,153.38868713378906,157.86798246463846,152.56174446332417,157.26746135406307,76957800
2022-09-06,152.12857055664062,154.64878522236114,151.30162793601315,154.03842495785005,73714800
2022-09-07,153.536376953125,154.2353350897476,151.22289011406963,152.41409323627113,87449600
2022-09-08,152.05967712402344,153.93014485598613,150.30732474708108,152.23687268905203,84923800
2022-09-09,154.92446899414062,155.36748802177217,152.34518854112125,153.05400095933032,68028800
2022-09-12,160.8902587890625,161.70736223015916,156.82445000741808,157.10993674145692,104956000
2022-09-13,151.44932556152344,158.04520467768552,150.98662815133733,157.4151508670422,122656600
2022-09-14,152.89646911621094,154.65866080063967,151.22289024182777,152.38454574724284,87965400
2022-09-15,150.0021209716797,152.82753054970132,149.02751547416497,152.24668790524385,90481100
2022-09-16,148.3581085205078,148.99801648832616,146.06431507986616,148.8601926989242,162278800
2022-09-19,152.0793914794922,152.1581500898012,146.78300637581492,146.98973458391572,81474200
2022-09-20,154.4617462158203,155.6234166633189,150.7011173572486,151.0161367015711,107689800
2022-09-21,151.33116149902344,156.27315389590652,151.21303113007994,154.8949011643533,101696800
2022-09-22,150.36639404296875,152.06950527712038,148.56483082094806,150.01198791697018,86652500
2022-09-23,148.09226989746094,149.1161164282667,146.25133501023848,148.84046890574132,96029900
2022-09-26,148.42701721191406,151.38039679019585,147.31457276382835,147.3342661670832,93339400
2022-09-27,149.40162658691406,152.315634453065,147.619756600354,150.3664080888261,84442700
2022-09-28,147.51144409179688,148.29901488949315,142.58914538327457,145.34563566437978,146691400
2022-09-29,140.26583862304688,144.4399538960587,138.49380784574632,143.8295935811918,128138200
2022-09-30,136.05233764648438,140.87619954797051,135.85544869618502,139.0844755504192,124925300
2022-10-03,140.236328125,140.84670355770672,135.5503037948178,136.06222721595856,114311700
2022-10-04,143.82960510253906,143.9477354899333,142.01818737304887,142.77622574271777,87830100
2022-10-05,144.1249237060547,145.0897052260287,140.7876052377075,141.83114535247526,79471000
2022-10-06,143.1699981689453,145.24720918960443,142.9632699990137,143.54409774342406,68402200
2022-10-07,137.9129638671875,140.87619735207727,137.28291022305208,140.32488726950297,85925600
2022-10-10,138.2378692626953,139.68502664208134,136.4166273038199,138.2378692626953,74899000
2022-10-11,136.82020568847656,139.15338540565426,136.07202171996317,137.7259068150969,77033700
2022-10-12,136.190185546875,138.1787988471096,136.0129899667056,136.96791731761857,70433700
2022-10-13,140.76792907714844,141.35859601492572,132.28187436958524,132.89224973345455,113224000
2022-10-14,136.22955322265625,142.27413585110418,136.04250345541635,142.0673926816115,88598000
2022-10-17,140.19692993164062,140.67930564113678,138.09018646721276,138.87775734642221,85250900
2022-10-18,141.51608276367188,144.42023589257636,138.4248798871267,143.22904806022734,99136600
2022-10-19,141.6243896484375,142.69744724205523,139.3010638831592,139.488113651557,61758300
2022-10-20,141.16168212890625,143.62283148956203,140.43317651035323,140.79743683046152,64522000
2022-10-21,144.98143005371094,145.55241866280005,140.43321458728877,140.64979699148353,86548600
2022-10-24,147.12753295898438,147.89541049964913,143.73114921809554,144.90265893368223,75981900
2022-10-25,149.9726104736328,150.12028846465364,147.03892431633474,147.7575758033074,74732300
2022-10-26,147.02908325195312,149.62805663114864,145.73942824213276,148.61406419672124,88194300
2022-10-27,142.5498046875,146.73375950209572,141.89021831932845,145.76899295091448,109180200
2022-10-28,153.3197784423828,155.05242232533004,145.52285843662315,145.89694295512044,164762400
2022-10-31,150.9570770263672,151.84309994681692,149.55914577499016,150.77988145527678,97943200
2022-11-01,148.30885314941406,153.0342628843062,146.81248516700126,152.6700175890912,80379300
2022-11-02,142.77622985839844,149.80527352264477,142.74669726069857,146.63531118174276,93604600
2022-11-03,136.7218017578125,140.58088293366475,136.59381715822644,139.85237716768756,97918500
2022-11-04,136.45553588867188,140.68586767189302,132.51116441667403,140.11393200286335,140814800
2022-11-07,136.988037109375,137.21483428526327,133.78323487446542,135.2032111952328,83374600
2022-11-08,137.5599822998047,139.4631346891898,135.57794065978277,138.4573305983891,89908500
2022-11-09,132.99435424804688,136.6231842073022,132.71824941976038,136.57387654941147,74917800
2022-11-10,144.8274688720703,144.8274688720703,137.5599685390709,139.27577571396307,118854000
2022-11-11,147.6181182861328,147.92380470701315,142.36224081918826,143.79208769866335,93979700
2022-11-14,146.21786499023438,148.19005093835904,145.37967994364752,146.89827154979093,73374100
2022-11-15,147.95338439941406,151.45401749484597,146.49397099909157,150.10307492440734,89868300
2022-11-16,146.7207794189453,147.78576172673738,145.241639832554,147.05606249393267,64218300
2022-11-17,148.6239471435547,149.3733724520642,144.11749463891493,144.39359949187033,80389400
2022-11-18,149.18601989746094,150.57641479286625,147.88438481730566,150.19183908207188,74829600
2022-11-21,145.95162963867188,148.27880988198416,145.66566926933072,148.07173876370618,58724100
2022-11-22,148.09141540527344,148.32808310350964,144.8866136770819,146.06993712168025,51804100
2022-11-23,148.9690704345703,149.71849566611712,147.26311878314957,147.3715896104273,58301400
2022-11-25,146.0502166748047,146.80951240345237,145.07397930940053,146.2474322409697,35195900
2022-11-28,142.21432495117188,144.6006680593858,141.38601049309779,143.12152865000314,69246000
2022-11-29,139.20672607421875,142.7961034526806,138.39813776001694,142.28333095673383,83763800
2022-11-30,145.9713134765625,146.65171990434524,138.59534367211867,139.4335135097931,111380900
2022-12-01,146.2474365234375,147.05603992895004,144.57108159207246,146.14883626075934,71250400
2022-12-02,145.75439453125,145.94175459663157,143.62443017730817,143.93013162674256,65447400
2022-12-05,144.59080505371094,148.82113692482218,143.74276456774905,145.71495034472244,68826400
2022-12-06,140.92254638671875,145.25149381357704,139.94630895435972,145.02469664926164,64727200
2022-12-07,138.97994995117188,141.37614872094412,138.05302012289312,140.21256620226913,69721100
2022-12-08,140.66615295410156,141.5240640501762,139.13772092261513,140.38019261979954,62128300
2022-12-09,140.1829833984375,143.54556411340621,138.94049659830839,140.3604729146931,76097000
2022-12-12,142.48060607910156,142.49046159392825,139.09829871669493,140.7154908969355,70462700
2022-12-13,143.4469757080078,147.8843950059336,142.2340853129527,147.42093000886766,93886200
2022-12-14,141.2183837890625,144.6204015969479,139.19689014923398,143.32862218685506,82291200
2022-12-15,134.60169982910156,139.8279959453362,134.13823489702543,139.14758934094417,98931900
2022-12-16,132.63934326171875,135.73567419543238,131.87019204577976,134.78903348962257,160156900
2022-12-19,130.52914428710938,133.3197896823252,129.49375852610828,133.2310449107972,79592600
2022-12-20,130.46011352539062,131.39689891358117,128.08362566369047,129.56276523870264,77432800
2022-12-21,133.5663299560547,134.90741740053846,130.90388114546477,131.13067838374528,85928000
2022-12-22,130.39109802246094,132.68869695584948,128.4879453921836,132.48162581248053,77852100
2022-12-23,130.0261993408203,130.57840891041715,127.83707208521685,129.09926968617603,63814900
2022-12-27,128.22164916992188,129.58246208692498,126.9298699732108,129.55288050582337,69007800
2022-12-28,124.28715515136719,129.20775681904706,124.1195211570346,127.86666981780208,85438400
2022-12-29,127.80751037597656,128.6654064445158,125.95365830174214,126.2100370570361,75703700
2022-12-30,128.12306213378906,128.14278820773606,125.6578370442106,126.62421153870504,77034200
2023-01-03,123.33065032958984,129.07956676089162,122.44316513126005,128.4681939201586,112117500
2023-01-04,124.60271453857422,126.87073149260826,123.3405166774151,125.12534263515172,89113600
2023-01-05,123.28133392333984,125.99308946159266,123.02495518012978,125.36199059273537,80962700
2023-01-06,127.81737518310547,128.47805571510713,123.15315931135854,124.25758622586783,87754700
2023-01-09,128.33999633789062,131.55466910779157,128.08361757784448,128.6555533163335,70790800
2023-01-10,128.91192626953125,129.43455432577363,126.33822308555574,128.44846138243565,63896200
2023-01-11,131.63352966308594,131.65324068500396,128.64566976510943,129.42467643515656,69458900
2023-01-12,131.55462646484375,132.3927962047963,129.61202270492427,132.01809122258575,71379600
2023-01-13,132.8858642578125,133.04364272167805,129.82898551497536,130.1938350469048,57809700
2023-01-17,134.04949951171875,135.38071617959397,132.26467339365607,132.95493555995287,63646600
2023-01-18,133.3296356201172,136.68234566241608,133.15213106325567,134.91724588612811,69672800
2023-01-19,133.38880920410156,134.3551761664197,131.90966964997585,132.21535608370812,58280400
2023-01-20,135.95262145996094,136.1005444209002,132.35338844252215,133.3986444948596,80223600
2023-01-23,139.14761352539062,141.32688614093584,135.98224769941717,136.19918940943845,81760300
2023-01-24,140.54783630371094,141.1690797184196,138.34885309206118,138.35870860544603,66435100
2023-01-25,139.88717651367188,140.4492417915874,136.87958936131886,138.93066494314343,65799300
2023-01-26,141.9579620361328,142.2439224000094,139.92659771489312,141.178940100887,54105100
2023-01-27,143.90054321289062,145.18246711281154,141.09018721144076,141.16907645645273,70555800
2023-01-30,141.0113067626953,143.52584706043817,140.863398823187,142.9440557695909,64015300
2023-01-31,142.2833251953125,142.33263284521934,140.30128406034757,140.71544123571715,65874500
2023-02-01,143.40750122070312,144.57109881294525,139.35467333783802,141.967813832125,77663600
2023-02-02,148.7225341796875,149.07751316889315,146.10937904089744,146.82922262442523,118339000
2023-02-03,152.35134887695312,155.1913011660709,145.77411121969988,145.97132678498124,154357300
2023-02-06,149.619873046875,150.97083056548323,148.68308779153134,150.44820252682044,69858300
2023-02-07,152.49929809570312,153.07123392254363,148.54507002072867,148.54507002072867,83322600
2023-02-08,149.80722045898438,152.4302309897519,149.06765083879986,151.7399690202295,64120100
2023-02-09,148.7718505859375,152.1837390894266,148.32811173185976,151.64138491373802,56007100
2023-02-10,149.1372528076172,149.46316214008027,147.3694580195322,147.60648709847575,57450700
2023-02-13,151.94204711914062,152.3469510828992,149.0483754519819,149.07800220373113,62199000
2023-02-14,151.30010986328125,151.86304832604316,148.98913264360064,150.23350151506878,61707600
2023-02-15,153.40367126464844,153.5715611952289,150.98405804107867,151.21120146838675,65573800
2023-02-16,151.80377197265625,154.39127521881363,151.44823591009165,151.60624021713144,68167900
2023-02-17,150.65817260742188,151.10258897284194,148.97925796607987,150.46065589718617,59144100
2023-02-21,146.6386260986328,149.4236611977066,146.56950203742764,148.33729678255915,58867200
2023-02-22,147.0632781982422,148.09037388155102,145.3349810354075,147.0237658241407,51011300
2023-02-23,147.54722595214844,148.47557105445037,145.41402441253163,148.22867140254277,48394200
2023-02-24,144.89059448242188,145.3646375819345,143.91286646196608,145.2856278870893,55469600
2023-02-27,146.08558654785156,147.32008482695682,145.62141398934327,145.87819927591497,44998500
2023-02-28,145.58193969726562,147.23122785062068,145.00913059683,145.22640353387666,50547000
2023-03-01,143.50794982910156,145.40413732845008,143.2116672358624,145.0091039171703,55479000
2023-03-02,144.10052490234375,144.89060684866965,142.11544194013547,142.58950014966683,52238100
2023-03-03,149.15701293945312,149.236022634522,145.50290119247913,146.20408774818284,70732300
2023-03-06,151.92230224609375,154.3616721188966,151.55689556759242,151.8827898611123,87558000
2023-03-07,149.719970703125,152.11982833887177,149.25579810311828,151.79391895570362,56182000
2023-03-08,150.9741973876953,151.5667625921133,149.94710144553787,150.91494388116536,47204800
2023-03-09,148.72244262695312,152.6234533766544,148.3669065925505,151.65561114338573,53833600
2023-03-10,146.6583709716797,149.0681136196498,145.7794089470896,148.34717096498875,68572400
2023-03-13,148.60397338867188,151.24086003469367,145.86832084762136,145.97695730432906,84457100
2023-03-14,150.6976776123047,151.49763012479718,148.2385665656885,149.40392576424304,73695900
2023-03-15,151.09271240234375,151.34948260848185,148.06077752387876,149.31503194180715,77167900
2023-03-16,153.91722106933594,154.5196567133458,149.75942505583248,150.27298045799404,76161100
2023-03-17,153.07777404785156,154.7962009363973,152.36670189187112,154.14438228182223,98944600
2023-03-20,155.44802856445312,155.86283327756414,152.23833280571804,153.14693686632677,73641400
2023-03-21,157.30470275878906,157.42320976774403,154.59867718770118,155.36901795458434,73938300
2023-03-22,155.87271118164062,160.12925934644002,155.85295498733328,157.32448253723237,75701800
2023-03-23,156.95904541015625,159.54656410725272,155.72454710395584,156.86029458739586,67622100
2023-03-24,158.26266479492188,158.35154504613158,155.8924343453171,156.88990343786057,59196500
2023-03-27,156.3170928955078,158.77621864094067,155.9121738846932,157.95651005912973,52390300
2023-03-28,155.69488525390625,156.5244793815335,154.045597696947,156.0109239824416,45992200
2023-03-29,158.7762451171875,159.05277154396305,157.37385679009435,157.39359791374972,51305700
2023-03-30,160.34649658203125,160.45513302219786,159.27001781009866,159.5267880006936,49501700
2023-03-31,162.85498046875,162.95374634284104,159.9020707098414,160.42549668949934,68749800
2023-04-03,164.1092529296875,164.22775993608965,162.18343872786127,162.23282167038158,56976200
2023-04-04,163.57595825195312,164.77094409936112,163.06240276891677,164.53393008377392,46278300
2023-04-05,161.72911071777344,163.00312110973053,159.79342626688646,162.6969680127728,51511700
2023-04-06,162.61798095703125,162.9142635361202,159.9909651957649,160.41562533913125,45390100
2023-04-10,160.0205841064453,160.0205841064453,158.09477004106023,159.41814841731897,47716900
2023-04-11,158.80584716796875,160.34649846878187,158.51943515436048,160.33662790848967,47644200
2023-04-12,158.11453247070312,160.05021717246308,157.79849370413785,159.22063801456596,50133100
2023-04-13,163.50682067871094,163.74384976611952,159.4181631056541,159.62556544083142,68445600
2023-04-14,163.16116333007812,164.25739832506682,161.78840194622364,162.5488419808256,49386500
2023-04-17,163.18092346191406,163.3389428652635,161.99580807591275,163.04266025137323,41516200
2023-04-18,164.40553283691406,165.33387789076258,163.5956947875371,164.04012619342146,49923000
2023-04-19,165.5511474609375,166.0745734796078,163.4870550672227,163.74384033117565,47720200
2023-04-20,164.5833282470703,165.78819994657684,163.50684920934174,164.0302753495056,52456400
2023-04-21,162.9735107421875,164.38576938158798,162.45008473615934,163.00313749199609,58337300
2023-04-24,163.27967834472656,163.54633418620037,161.85753394961128,162.95376899838274,41949600
2023-04-25,161.73902893066406,164.24752277490956,161.69951654722522,163.14141715156464,48714100
2023-04-26,161.72911071777344,163.2302645252869,160.78102468006927,161.03779484245666,45498800
2023-04-27,166.32144165039062,166.4695753749887,163.14137375954326,163.14137375954326,64902300
2023-04-28,167.57571411132812,167.74361912541863,165.79804878354395,166.40048449959994,55275900
2023-05-01,167.48684692382812,168.33618234272492,166.54863124552048,167.180693761707,52472900
2023-05-02,166.44985961914062,168.2374257243008,165.46226102978648,167.98064044655123,48425700
2023-05-03,165.37338256835938,168.80035091617836,165.08698560494395,167.39796271242133,65136000
2023-05-04,163.73394775390625,164.96844587189068,162.27230620168868,162.8451151367803,81235400
2023-05-05,171.41749572753906,172.13843848392673,168.64233101133158,168.85960390825258,113453200
2023-05-08,171.34835815429688,171.69402369424722,169.9755966946327,170.34100335662225,55962800
2023-05-09,169.63983154296875,171.38787037771158,169.4719415736773,170.90395666315388,45326900
2023-05-10,171.40760803222656,171.87178057282452,169.76819076413835,170.87431142683658,53724500
2023-05-11,171.59524536132812,172.42482451357537,170.03483786854437,171.6940112425966,49514700
2023-05-12,170.6656036376953,172.13915102119938,169.1129221963601,171.70400424552835,45533100
2023-05-15,170.171142578125,171.29856159606754,169.57775779377548,171.24911034897144,37266700
2023-05-16,170.171142578125,171.2293268320526,169.90411791612752,170.0920236008516,42110300
2023-05-17,170.78431701660156,171.0216588875202,168.5393629149387,169.8151358327416,57951600
2023-05-18,173.11827087402344,173.30617657836305,170.6755268984154,171.0908902546592,65496700
2023-05-19,173.22703552246094,174.44345770293714,173.00946211256743,174.44345770293714,55809500
2023-05-22,172.27761840820312,172.781999977239,171.5358950094103,172.0600450039918,43570900
2023-05-23,169.66677856445312,171.46670153051892,169.38986966050507,171.2194603598222,50747300
2023-05-24,169.94369506835938,170.51729642087588,168.63826947571127,169.201971523099,45143500
2023-05-25,171.0809783935547,171.98092464144923,169.7953214946183,170.50737715893996,56058300
2023-05-26,173.49404907226562,173.83030849826073,171.19965909306288,171.40734829469508,54835000
2023-05-30,175.3434295654297,177.01478218217846,174.62148962052487,175.00718521743593,55964400
2023-05-31,175.29397583007812,177.37080753192686,174.80937774220615,175.37309480914308,99625300
2023-06-01,178.1026153564453,178.13228308457525,174.97748387661747,175.73899077622127,68901800
2023-06-02,178.95314025878906,179.77398268262323,177.2817876805341,179.03225923715402,61996900
2023-06-05,177.5982666015625,182.90900173212887,176.07525265044882,180.61461168229852,121946500
2023-06-06,177.23236083984375,178.1323071989488,175.47198988688834,177.98396853821802,64848400
2023-06-07,175.85768127441406,179.21027045240393,175.36319900574063,176.47083445864072,61944600
2023-06-08,178.5773468017578,178.84435638126445,175.50166626223591,175.93679801452896,50214900
2023-06-09,178.9630584716797,180.21903277362324,178.636698310342,179.4970927690662,48900000
2023-06-12,181.76181030273438,181.86071280602803,178.97293777661235,179.26963019609002,54274900
2023-06-13,181.28709411621094,182.11782073883157,180.4266997635254,180.78272761470595,54929100
2023-06-14,181.92002868652344,182.35517550952275,180.01133431975106,181.34642742806082,57462900
2023-06-15,183.95730590820312,184.46168752877136,181.75191900244837,181.9299404833556,65433200
2023-06-16,182.87933349609375,184.92649747799743,182.2365125370702,184.66935702206612,101256200
2023-06-20,182.9683380126953,184.0463209118931,182.37496829785866,182.37496829785866,49799100
2023-06-21,181.92994689941406,183.363942649416,180.57505504326872,182.85956101105992,49515700
2023-06-22,184.93638610839844,184.98583735805877,181.6431320743364,181.7123668419414,51245300
2023-06-23,184.61990356445312,185.49019723798705,182.96833449974372,183.5023838322858,53117000
2023-06-26,183.2254638671875,185.97478407089304,183.18589683511047,184.76824612936457,48088700
2023-06-27,185.98468017578125,186.31104030447904,183.62105538648717,183.83862880561904,50730800
2023-06-28,187.1615447998047,187.80436573389431,185.5297592960992,185.8561043245189,51216800
2023-06-29,187.497802734375,187.97251662731944,186.85498175364998,186.99343619982474,46347300
2023-06-30,191.82943725585938,192.33380369723812,189.14933693308197,189.51526404426266,85213200
2023-07-03,190.33612060546875,191.7404484310712,189.6438333602496,191.64154594163958,31458200
2023-07-05,189.2185821533203,190.8503675642152,188.51641070905347,189.45593906907268,46920300
2023-07-06,189.69329833984375,189.90098754652763,187.1121001189567,187.74503686210437,45094300
2023-07-07,188.5757598876953,190.54380484505052,188.14062814608695,189.29771490007704,46815000
2023-07-10,186.5286102294922,187.89338618022617,184.97592859390042,187.17143117099337,59922200
2023-07-11,186.0044403076172,187.21097817460068,184.5407771096242,187.07252375168784,46638100
2023-07-12,187.67579650878906,189.5844907414315,186.3901396467477,187.58677823550266,60750200
2023-07-13,188.43731689453125,189.08015296828228,187.68570919657313,188.39776494849258,41342300
2023-07-14,188.58567810058594,189.07026113812964,187.53737794948708,188.13074770594125,41616200
2023-07-17,191.84927368164062,192.17563385385932,189.69332272012437,189.7823259242556,50520200
2023-07-18,191.59213256835938,192.18551744143946,190.29659118888551,191.21633623311922,48288200
2023-07-19,192.94700622558594,196.0424552700726,190.52403079875788,190.96907695660155,80507300
2023-07-20,190.99874877929688,194.30188710755215,190.37569621729313,192.93711105379268,59581200
2023-07-21,189.82188415527344,192.8184459451999,189.11971258876892,191.95805149771712,71951700
2023-07-24,190.62290954589844,192.75907651192222,190.12842729026707,191.27562974502808,45377800
2023-07-25,191.48329162597656,192.2942497168689,190.7910195303367,191.1964985757829,37283200
2023-07-26,192.35360717773438,193.48102617402893,191.18663623876353,191.53276478098633,47471900
2023-07-27,191.08773803710938,195.02381285425056,190.42513357699178,193.85684188907683,47460200
2023-07-28,193.66893005371094,194.46010471349214,191.9975775461535,192.52172755154825,48291400
2023-07-31,194.28208923339844,194.32165626732748,193.10521896564188,193.8963936498011,38824100
2023-08-01,193.45138549804688,194.55902113270218,193.12502533632087,194.07443808774235,35175100
2023-08-02,190.45477294921875,193.02607142930108,189.7328331360479,192.8876170118382,50389300
2023-08-03,189.06033325195312,190.24708758113138,188.58563453836183,189.45592808861255,61235200
2023-08-04,179.98167419433594,185.312192820491,179.91243942847825,183.47271804853088,115956800
2023-08-07,176.87632751464844,181.10909486166798,175.39288059142936,180.1201302461886,97576100
2023-08-08,177.81585693359375,178.28067155206236,175.62035408179838,177.7070702124542,67823000
2023-08-09,176.2235870361328,178.93334011391454,175.0566010766963,178.8740046582552,60378500
2023-08-10,176.0060577392578,178.75537853662752,175.6401456107402,177.49938907899605,54686900
2023-08-11,176.06544494628906,176.88739582771854,174.83748251539495,175.60001780962375,52036700
2023-08-14,177.71925354003906,177.94701832041608,175.5900993670502,176.2437010263368,43675600
2023-08-15,175.728759765625,177.73906787465035,175.3326457472995,177.14489684716207,43622600
2023-08-16,174.8572998046875,176.80817714322055,174.78797154296882,175.41186545531423,46964900
2023-08-17,172.3122100830078,175.78815784652573,171.79724982185638,175.42175166053434,66062900
2023-08-18,172.79747009277344,173.40155375891743,170.29201204567954,170.62871045348956,61172200
2023-08-21,174.1343536376953,174.4215491084137,172.05473264129324,173.37183349440417,46311900
2023-08-22,175.51087951660156,175.95651153189084,174.54038966607246,175.34253031574917,42038900
2023-08-23,179.36314392089844,179.78898080878903,176.60021337314086,176.78837280424742,52722800
2023-08-24,174.6691436767578,179.34336155038372,174.30272234931607,178.91752463221655,54945800
2023-08-25,176.8774871826172,177.41224254469248,174.1145567754665,175.6594223889941,51449600
2023-08-28,178.4421844482422,178.83829845949455,176.81809282485807,178.34314839003864,43820700
2023-08-29,182.3340301513672,183.10646293821267,177.75884901223952,177.9569059889832,53003900
2023-08-30,185.82977294921875,186.02784502078083,182.9480116816315,183.14606864241608,60813900
2023-08-31,186.04766845703125,187.28554353881972,185.66145203594442,186.0179606639307,60794500
2023-09-01,187.6222686767578,188.07779827305947,186.45370666949987,187.65197647170007,45766500
2023-09-05,187.85989379882812,188.1371765705135,185.79017057061324,186.45366971077303,45280000
2023-09-06,181.13580322265625,187.01818850408822,179.70976859554776,186.57254135003106,81755800
2023-09-07,175.8376922607422,176.48139642487362,171.85668142571674,173.48077306769622,112488800
2023-09-08,176.45166015625,178.4916910043361,176.06544373133067,176.62002446653017,65551300
2023-09-11,177.62020874023438,178.5510931586707,175.61979850768685,178.32332838951461,58953100
2023-09-12,174.5898895263672,178.38274026371693,173.12424978673155,177.7489488808384,90370200
2023-09-13,172.52017211914062,175.58019553637163,172.2923922361182,174.79785006313273,84267900
2023-09-14,174.0353546142578,174.39186327435525,171.89630265367322,172.31222690532334,60895800
2023-09-15,173.31239318847656,174.78794559113751,172.1339489112559,174.76813536061914,109259500
2023-09-18,176.2436981201172,177.64002479353724,174.46115503817452,174.76814563074643,67257600
2023-09-19,177.33302307128906,177.88758863735939,175.41183870970377,175.79805509398693,51826900
2023-09-20,173.7877655029297,177.95692035427507,173.69862701203755,177.52118590379774,58436200
2023-09-21,172.2428741455078,174.5898954535224,172.17356100214752,172.856870429388,63149100
2023-09-22,173.09457397460938,175.3623700081762,172.36176146082417,172.97574278011072,56725400
2023-09-25,174.37203979492188,175.2534062611611,172.46075278406465,172.51027081019092,46172700
2023-09-26,170.29197692871094,173.50053892393993,169.9948839374697,173.12423523842645,64588900
2023-09-27,168.77684020996094,171.3615240971404,167.41023633579258,170.94559986493434,66921800
2023-09-28,169.03431701660156,170.36131544966938,165.99408862675534,167.69740591218968,56294400
2023-09-29,169.54928588867188,171.39124466953126,168.68771453081845,170.35142654777866,51861100
2023-10-02,172.06463623046875,172.6093042881744,169.2719827950215,169.55917827580257,52164500
2023-10-03,170.7277374267578,171.94581747397606,169.1630765091389,170.589096012129,49594600
2023-10-04,171.97552490234375,172.52019299821677,169.31161512407647,169.43044630471027,53020300
2023-10-05,173.21339416503906,173.74814957044222,171.00501406167223,172.1042477774046,48527900
2023-10-06,175.76837158203125,176.26352163595584,171.5001654241457,172.1141617663429,57266700
2023-10-09,177.25379943847656,177.31321501974588,174.09474007424367,175.09493761742715,42390800
2023-10-10,176.65963745117188,177.97673842144718,176.2239029815132,176.37245706568626,43698000
2023-10-11,178.05596923828125,178.10548726772782,175.87731193966172,176.4714829606774,47551100
2023-10-12,178.95712280273438,180.57130155585352,177.30330847610173,178.3233313959954,56743100
2023-10-13,177.11517333984375,180.1652842541005,176.41205364228972,179.6602366589199,51427100
2023-10-16,176.9864044189453,177.34291299761338,174.79783492835955,175.03551235106417,52517000
2023-10-17,175.431640625,176.6893258679855,173.10444466932296,174.93649062028842,57549400
2023-10-18,174.1343536376953,175.8574811296678,173.41143884685883,173.87688106979198,54764400
2023-10-19,173.75804138183594,176.11494506219307,173.4906561558451,174.33240207355175,59302900
2023-10-20,171.2030487060547,173.71840376156626,170.9653712941195,173.60947016994308,64244000
2023-10-23,171.32191467285156,172.32211231863303,168.2816861592976,169.25219112217718,55980100
2023-10-24,171.75762939453125,171.985394156852,169.7869270122857,171.3714130102576,43816600
2023-10-25,169.44033813476562,171.38131769667615,168.99469104064445,170.21277093543313,57157000
2023-10-26,165.2711639404297,169.71761631425704,164.06299674951495,168.71740365821697,70625300
2023-10-27,166.58828735351562,167.321114882013,165.2117707914918,165.29099661436564,58499100
2023-10-30,168.63818359375,169.5096524459554,167.23195938000526,167.38051344932887,51131000
2023-10-31,169.11355590820312,169.24228464861295,166.27138428536674,167.70733154956028,44846000
2023-11-01,172.28250122070312,172.53997379429074,168.46983997695696,169.34130885799144,56934900
2023-11-02,175.84759521484375,176.05554977286621,173.75806140886317,173.8174769968696,77334800
2023-11-03,174.93650817871094,175.10487249469713,171.66852990822986,172.5498964006483,79829200
2023-11-06,177.4915008544922,177.68955787260307,174.5008051262194,174.66915434715276,63841300
2023-11-07,180.0563507080078,180.67033186387974,177.23398970359145,177.4419442386158,70530000
2023-11-08,181.115966796875,181.67053238037917,179.8285737718667,180.5812114444328,49340300
2023-11-09,180.64064025878906,182.3340449245472,180.04645416963677,181.18530832204868,53763500
2023-11-10,184.83511352539062,185.00369964258533,181.989212824357,182.42552132152326,66133400
2023-11-13,183.24853515625,184.46820459130328,182.66349206706928,184.25997609615754,43627500
2023-11-14,185.86639404296875,186.53076740007103,184.7359652497266,186.12420582715117,60108400
2023-11-15,186.43161010742188,187.90910668353808,186.20354524355434,186.2729648412074,53790500
2023-11-16,188.11734008789062,189.35684600106327,187.06622636374277,187.9785160308428,54412900
2023-11-17,188.0974884033203,188.78169803245333,186.98689603758916,188.6527845861859,50922700
2023-11-20,189.8427276611328,190.29887250675844,188.2859160609316,188.2958266614519,46505100
2023-11-21,189.03953552246094,189.91215257469014,188.14709726863614,189.8030754431615,38134500
2023-11-22,189.70388793945312,191.31028267101584,189.22792193208022,189.88238464889707,39617700
2023-11-24,188.37513732910156,189.2973223945837,187.66118076777323,189.26757546541884,24048300
2023-11-27,188.1966552734375,189.0692722786972,187.31412766791345,188.3255687303111,40552600
2023-11-28,188.801513671875,189.47581268170356,187.80990905147505,188.18672364904648,38415400
2023-11-29,187.78018188476562,190.47734794655034,187.3835460471391,189.2973359031836,43014200
2023-11-30,188.35531616210938,188.7222202024886,186.61009727764167,188.2462390361622,48794400
2023-12-01,189.63450622558594,189.95181189166442,187.64137090627887,188.73214223180454,45704800
2023-12-04,187.8396759033203,188.45448112204545,185.87630278327032,188.38506152852514,43389500
2023-12-05,191.7961883544922,192.76795676998717,188.58338352707358,188.61314558971708,66628400
2023-12-06,190.70541381835938,193.12491645797843,190.49717018406523,192.81752143695684,41089700
2023-12-07,192.63905334472656,193.3629205543118,191.96475426663108,192.0044269286476,47477700
2023-12-08,194.0669708251953,194.34461894265894,192.04408867717459,192.56963798027982,53406400
2023-12-11,191.5581817626953,191.8655919183663,189.8129630007935,191.48877730415995,60943700
2023-12-12,193.0753631591797,193.08527375940776,190.11045957675134,191.45904261144975,52696900
2023-12-13,196.29808044433594,196.33773797632358,193.214189106248,193.45216455954898,70404200
2023-12-14,196.44680786132812,197.94412551234106,194.51318172109634,196.3575670696298,66831600
2023-12-15,195.911376953125,196.7343956614167,195.34615492740625,195.87170428604514,128538400
2023-12-18,194.24545288085938,194.97924583916173,192.75804576345098,194.4437708037096,55751900
2023-12-19,195.28662109375,195.29653169314724,194.2454331909677,194.51317068155427,40714100
2023-12-20,193.19436645507812,196.0204310779547,193.19436645507812,195.24698053858313,52242800
2023-12-21,193.0455780029297,195.42543814276274,191.8754918271264,194.4536698626075,46482500
2023-12-22,191.97467041015625,193.7694724442452,191.34995462543642,193.54139247575878,37149600
2023-12-26,191.42930603027344,192.2622504150879,191.21115176796184,191.9846022868164,28919300
2023-12-27,191.52845764160156,191.8755253676685,189.48575421105227,190.87400998463178,48087700
2023-12-28,191.95484924316406,193.0257841884141,191.5482876644632,192.51014548202977,34049900
2023-12-29,190.91363525390625,192.76793104153865,190.12034853602503,192.2721287341986,42672100
